mtllib material.mtl
usemtl mtl_m6_wheel_link
v 0.05925413 0.00000000 0.01773487
v 0.05623017 0.00939984 0.01548981
v 0.05844462 0.00976937 0.01773487
v 0.05391474 0.01854328 0.01548981
v 0.05603816 0.01927225 0.01773487
v 0.05012592 0.02718091 0.01548981
v 0.05210040 0.02824944 0.01773487
v 0.04496708 0.03507711 0.01548981
v 0.04673875 0.03645606 0.01773487
v 0.03857892 0.04201650 0.01548981
v 0.04009946 0.04366825 0.01773487
v 0.03113570 0.04780979 0.01548981
v 0.03236363 0.04968929 0.01773487
v 0.02284045 0.05229896 0.01548981
v 0.02374228 0.05435493 0.01773487
v 0.01391945 0.05536154 0.01548981
v 0.01447058 0.05753791 0.01773487
v 0.00461603 0.05691401 0.01548981
v 0.00480143 0.05915140 0.01773487
v -0.00481603 0.05691401 0.01548981
v -0.00500143 0.05915140 0.01773487
v -0.01411945 0.05536154 0.01548981
v -0.01467058 0.05753791 0.01773487
v -0.02304045 0.05229896 0.01548981
v -0.02394228 0.05435493 0.01773487
v -0.03133570 0.04780979 0.01548981
v -0.03256363 0.04968929 0.01773487
v -0.03877892 0.04201650 0.01548981
v -0.04029946 0.04366825 0.01773487
v -0.04516708 0.03507711 0.01548981
v -0.04693875 0.03645606 0.01773487
v -0.05032592 0.02718091 0.01548981
v -0.05230040 0.02824944 0.01773487
v -0.05411474 0.01854328 0.01548981
v -0.05623816 0.01927225 0.01773487
v -0.05643017 0.00939984 0.01548981
v -0.05864462 0.00976937 0.01773487
v -0.05720906 0.00000000 0.01548981
v -0.05945413 0.00000000 0.01773487
v -0.05643017 -0.00939984 0.01548981
v -0.05864462 -0.00976937 0.01773487
v -0.05411474 -0.01854328 0.01548981
v -0.05623816 -0.01927225 0.01773487
v -0.05032592 -0.02718091 0.01548981
v -0.05230040 -0.02824944 0.01773487
v -0.04516708 -0.03507711 0.01548981
v -0.04693875 -0.03645606 0.01773487
v -0.03877892 -0.04201650 0.01548981
v -0.04029946 -0.04366825 0.01773487
v -0.03133570 -0.04780979 0.01548981
v -0.03256363 -0.04968929 0.01773487
v -0.02304045 -0.05229896 0.01548981
v -0.02394228 -0.05435493 0.01773487
v -0.01411945 -0.05536154 0.01548981
v -0.01467058 -0.05753791 0.01773487
v -0.00481603 -0.05691401 0.01548981
v -0.00500143 -0.05915140 0.01773487
v 0.00461603 -0.05691401 0.01548981
v 0.00480143 -0.05915140 0.01773487
v 0.01391945 -0.05536154 0.01548981
v 0.01447058 -0.05753791 0.01773487
v 0.02284045 -0.05229896 0.01548981
v 0.02374228 -0.05435493 0.01773487
v 0.03113570 -0.04780979 0.01548981
v 0.03236363 -0.04968929 0.01773487
v 0.03857892 -0.04201650 0.01548981
v 0.04009946 -0.04366825 0.01773487
v 0.04496708 -0.03507711 0.01548981
v 0.04673875 -0.03645606 0.01773487
v 0.05012592 -0.02718091 0.01548981
v 0.05210040 -0.02824944 0.01773487
v 0.05391474 -0.01854328 0.01548981
v 0.05603816 -0.01927225 0.01773487
v 0.05623017 -0.00939984 0.01548981
v 0.05844462 -0.00976937 0.01773487
v 0.05700906 0.00000000 0.01548981
v -0.05606618 -0.00653969 0.02080309
v -0.05276066 -0.01668783 0.02171368
v -0.05076176 -0.02456502 0.02083172
v -0.04556133 -0.03118607 0.02175516
v -0.03940355 -0.03876653 0.02169500
v -0.03135418 -0.04546613 0.02174272
v -0.02499110 -0.05050234 0.02083172
v -0.01633920 -0.05391049 0.02083173
v -0.00724439 -0.05584811 0.02083172
v 0.00114294 -0.05511587 0.02175516
v 0.01085700 -0.05410690 0.02169500
v 0.02870553 -0.04821667 0.02093010
v 0.02019750 -0.05251728 0.02083172
v 0.03528846 -0.04237062 0.02169500
v 0.04430322 -0.03489700 0.02076131
v 0.05032750 -0.02532223 0.02074016
v 0.05618927 -0.00015224 0.02087343
v 0.05440997 -0.01476639 0.02076903
v 0.05615890 0.00000000 0.02083010
v 0.05586618 0.00653970 0.02080309
v 0.05302420 0.01473509 0.02175516
v 0.05056177 0.02456500 0.02083172
v 0.03920355 0.03876653 0.02169500
v 0.04557324 0.03268884 0.02093010
v 0.03115418 0.04546613 0.02174272
v 0.02479111 0.05050234 0.02083172
v 0.00678368 0.05574245 0.02093011
v 0.01613920 0.05391049 0.02083173
v -0.00134294 0.05511587 0.02175516
v -0.01147659 0.05514188 0.02083172
v -0.02039750 0.05251728 0.02083172
v -0.02876470 0.04846017 0.02083172
v -0.03635008 0.04308115 0.02083172
v -0.04294658 0.03652704 0.02083172
v -0.05138938 0.02042087 0.02169500
v -0.04838232 0.02869535 0.02093010
v -0.05516739 0.01173183 0.02083172
v -0.05635890 0.00000000 0.02083010
v -0.05639844 0.00015074 0.02088727
v 0.05279131 0.00000000 0.02222500
v 0.05472523 0.00044455 0.02186679
v 0.05261066 0.00436773 0.02222500
v 0.05206994 0.00870562 0.02222500
v 0.05117285 0.01298405 0.02222500
v 0.04992551 0.01717378 0.02222500
v 0.04682935 0.02855150 0.02186857
v 0.04833645 0.02124620 0.02222500
v 0.04641652 0.02517348 0.02222500
v 0.04417883 0.02892880 0.02222500
v 0.04163867 0.03248651 0.02222500
v 0.03881340 0.03582231 0.02222500
v 0.03572231 0.03891340 0.02222500
v 0.03238652 0.04173867 0.02222500
v 0.02882880 0.04427883 0.02222500
v 0.02507348 0.04651652 0.02222500
v 0.01508964 0.05279041 0.02186857
v 0.02114620 0.04843645 0.02222500
v 0.01707378 0.05002551 0.02222500
v 0.01288405 0.05127285 0.02222500
v 0.00860562 0.05216994 0.02222500
v 0.00426773 0.05271066 0.02222500
v -0.00010000 0.05289131 0.02222500
v -0.00446773 0.05271066 0.02222500
v -0.01625735 0.05250231 0.02186857
v -0.00880562 0.05216994 0.02222500
v -0.01308405 0.05127285 0.02222500
v -0.01727378 0.05002551 0.02222500
v -0.02134620 0.04843645 0.02222500
v -0.03242938 0.04441130 0.02186857
v -0.02527348 0.04651652 0.02222500
v -0.02902880 0.04427883 0.02222500
v -0.03258651 0.04173867 0.02222500
v -0.03592231 0.03891340 0.02222500
v -0.04509801 0.03150764 0.02186857
v -0.03901340 0.03582231 0.02222500
v -0.04183867 0.03248651 0.02222500
v -0.04437883 0.02892880 0.02222500
v -0.04661652 0.02517348 0.02222500
v -0.04853645 0.02124620 0.02222500
v -0.05012551 0.01717378 0.02222500
v -0.05467055 0.00629346 0.02186857
v -0.05137285 0.01298405 0.02222500
v -0.05226994 0.00870562 0.02222500
v -0.05281066 0.00436773 0.02222500
v -0.05299131 0.00000000 0.02222500
v -0.05410432 -0.00946242 0.02186679
v -0.05281066 -0.00436773 0.02222500
v -0.05226994 -0.00870562 0.02222500
v -0.05137285 -0.01298405 0.02222500
v -0.05012551 -0.01717378 0.02222500
v -0.04853645 -0.02124620 0.02222500
v -0.04661652 -0.02517348 0.02222500
v -0.04437883 -0.02892880 0.02222500
v -0.04183867 -0.03248651 0.02222500
v -0.03901340 -0.03582231 0.02222500
v -0.03592231 -0.03891340 0.02222500
v -0.03258651 -0.04173867 0.02222500
v -0.02902880 -0.04427883 0.02222500
v -0.02527348 -0.04651652 0.02222500
v -0.01528965 -0.05279041 0.02186857
v -0.02134620 -0.04843645 0.02222500
v -0.01727378 -0.05002551 0.02222500
v -0.01308405 -0.05127285 0.02222500
v -0.00880562 -0.05216994 0.02222500
v -0.00446773 -0.05271066 0.02222500
v -0.00010000 -0.05289131 0.02222500
v 0.00426773 -0.05271066 0.02222500
v 0.00860562 -0.05216994 0.02222500
v 0.01288405 -0.05127285 0.02222500
v 0.02447856 -0.04912684 0.02186857
v 0.01707378 -0.05002551 0.02222500
v 0.02114620 -0.04843645 0.02222500
v 0.02507348 -0.04651652 0.02222500
v 0.02882880 -0.04427883 0.02222500
v 0.03238652 -0.04173867 0.02222500
v 0.03572231 -0.03891340 0.02222500
v 0.04343788 -0.03332351 0.02186679
v 0.03881340 -0.03582231 0.02222500
v 0.04163867 -0.03248651 0.02222500
v 0.04417883 -0.02892880 0.02222500
v 0.05028606 -0.02161592 0.02186679
v 0.04641652 -0.02517348 0.02222500
v 0.04833645 -0.02124620 0.02222500
v 0.04992551 -0.01717378 0.02222500
v 0.05355099 -0.01092955 0.02186516
v 0.05117285 -0.01298405 0.02222500
v 0.05206994 -0.00870562 0.02222500
v 0.05261066 -0.00436773 0.02222500
v 0.01632544 -0.07055403 -0.01773803
v 0.01303535 -0.07200359 -0.01414277
v 0.01427094 -0.07145921 -0.01998310
v 0.01098085 -0.07290877 -0.01638783
v -0.05378053 0.01388151 -0.02222500
v -0.05370888 0.01307283 -0.02542789
v -0.05368571 0.01475117 -0.02205099
v -0.05331541 0.01734926 -0.02418810
v -0.05360533 0.01548843 -0.02155545
v -0.02570332 0.04918095 -0.02222500
v -0.02631915 0.04845527 -0.02542965
v -0.02499358 0.04969240 -0.02205099
v -0.02281128 0.05115920 -0.02418751
v -0.02439190 0.05012599 -0.02155545
v 0.04273837 -0.00143797 -0.02222500
v 0.04273837 -0.00143797 -0.02540000
v 0.04142771 -0.01061333 -0.02222500
v 0.04142771 -0.01061333 -0.02540000
v 0.03817527 -0.01929243 -0.02222500
v 0.03817527 -0.01929243 -0.02540000
v 0.03313311 -0.02706943 -0.02222500
v 0.03313311 -0.02706943 -0.02540000
v 0.02653701 -0.03358070 -0.02222500
v 0.02653701 -0.03358070 -0.02540000
v 0.01869539 -0.03852177 -0.02222500
v 0.01869539 -0.03852177 -0.02540000
v 0.00997492 -0.04166161 -0.02222500
v 0.00997492 -0.04166161 -0.02540000
v 0.00078336 -0.04285340 -0.02222500
v 0.00078336 -0.04285340 -0.02540000
v -0.00844950 -0.04204141 -0.02222500
v -0.00844950 -0.04204141 -0.02540000
v -0.01729195 -0.03926360 -0.02222500
v -0.01729195 -0.03926360 -0.02540000
v -0.02533053 -0.03464988 -0.02222500
v -0.02533053 -0.03464988 -0.02540000
v -0.03218935 -0.02841597 -0.02222500
v -0.03218935 -0.02841597 -0.02540000
v -0.03754772 -0.02085336 -0.02222500
v -0.03754772 -0.02085336 -0.02540000
v -0.04115507 -0.01231566 -0.02222500
v -0.04115507 -0.01231566 -0.02540000
v -0.04284272 -0.00320210 -0.02222500
v -0.04284272 -0.00320210 -0.02540000
v -0.04253178 0.00606118 -0.02222500
v -0.04253178 0.00606118 -0.02540000
v -0.04023677 0.01504105 -0.02222500
v -0.04023677 0.01504105 -0.02540000
v -0.03606502 0.02331762 -0.02222500
v -0.03606502 0.02331762 -0.02540000
v -0.03021158 0.03050388 -0.02222500
v -0.03021158 0.03050388 -0.02540000
v -0.02295015 0.03626382 -0.02222500
v -0.02295015 0.03626382 -0.02540000
v -0.01462028 0.04032810 -0.02222500
v -0.01462028 0.04032810 -0.02540000
v -0.00561145 0.04250668 -0.02222500
v -0.00561145 0.04250668 -0.02540000
v 0.00365508 0.04269770 -0.02222500
v 0.00365508 0.04269770 -0.02540000
v 0.01274603 0.04089222 -0.02222500
v 0.01274603 0.04089222 -0.02540000
v 0.02123632 0.03717466 -0.02222500
v 0.02123632 0.03717466 -0.02540000
v 0.02872894 0.03171886 -0.02222500
v 0.02872894 0.03171886 -0.02540000
v 0.03487355 0.02477992 -0.02222500
v 0.03487355 0.02477992 -0.02540000
v 0.03938284 0.01668230 -0.02222500
v 0.03938284 0.01668230 -0.02540000
v 0.04204595 0.00780463 -0.02222500
v 0.04204595 0.00780463 -0.02540000
v 0.01471853 -0.05342946 -0.02222500
v 0.01526716 -0.05306969 -0.02543125
v 0.01391797 -0.05378217 -0.02205099
v 0.01148281 -0.05476053 -0.02418810
v 0.01323929 -0.05408119 -0.02155545
v 0.01539176 -0.05277240 -0.02222500
v 0.01495522 -0.05126039 -0.02540000
v 0.01480784 -0.05119634 -0.02222500
v 0.07026607 -0.00090246 -0.02540000
v 0.05176394 0.01494765 -0.02540000
v 0.07026607 -0.00090246 -0.02222500
v 0.05176394 0.01494765 -0.02222500
v 0.04925759 0.02017765 -0.02222500
v 0.04930588 0.02033092 -0.02540000
v 0.06486835 0.01291981 -0.01459178
v 0.06375338 0.01486844 -0.01234672
v 0.05314980 0.01724339 -0.02418810
v 0.05229059 0.01891924 -0.02155545
v 0.05148781 0.02032225 -0.02222500
v 0.05107388 0.02082927 -0.02542490
v 0.05192227 0.01956294 -0.02205099
v 0.05076398 0.02092311 -0.02222500
v 0.03876201 0.03954795 -0.02222500
v 0.03802584 0.03989024 -0.02542789
v 0.03946774 0.03903100 -0.02205099
v 0.04153260 0.03741127 -0.02418810
v 0.04006604 0.03859276 -0.02155545
v 0.06454966 0.02779602 -0.02222500
v 0.06454966 0.02779602 -0.02540000
v 0.04120031 0.03475033 -0.02222500
v 0.04120031 0.03475033 -0.02540000
v 0.06882349 0.01776947 -0.01234672
v 0.06993846 0.01582084 -0.01459178
v 0.07125110 0.01864119 -0.01638783
v 0.07013613 0.02058982 -0.01414277
v 0.06835061 0.02371037 -0.01773803
v 0.06946558 0.02176174 -0.01998310
v 0.06535244 0.02639301 -0.02155545
v 0.06586619 0.02531759 -0.02467266
v 0.06498413 0.02703672 -0.02205099
v 0.03696868 0.03816230 -0.02222500
v 0.03680813 0.03850348 -0.02540000
v 0.03742154 0.03973921 -0.02222500
v 0.05399659 0.03822785 -0.01459178
v 0.05218543 0.03955451 -0.01234672
v 0.05563724 0.04426692 -0.01234672
v 0.05744840 0.04294027 -0.01459178
v 0.05750042 0.04605068 -0.01638783
v 0.05568926 0.04737734 -0.01414277
v 0.05278886 0.04950187 -0.01773803
v 0.05460002 0.04817521 -0.01998310
v 0.04986552 0.04995964 -0.02467266
v 0.04895878 0.05073312 -0.02155545
v 0.04836049 0.05117137 -0.02205099
v 0.04765475 0.05168831 -0.02222500
v 0.04765475 0.05168831 -0.02540000
v 0.02349548 0.04854435 -0.02222500
v 0.02349548 0.04854435 -0.02540000
v 0.01816244 0.04999534 -0.02222500
v 0.01785018 0.05031976 -0.02540000
v 0.03377102 0.05692594 -0.01459178
v 0.03157685 0.05740124 -0.01234672
v 0.02271674 0.05111040 -0.02418810
v 0.02089641 0.05159324 -0.02155545
v 0.01925554 0.05201212 -0.02222867
v 0.01866128 0.05196688 -0.02543125
v 0.02017159 0.05175025 -0.02205099
v 0.01798683 0.05134124 -0.02222500
v 0.03281353 0.06311022 -0.01234672
v 0.03500770 0.06263493 -0.01459178
v 0.03379010 0.06549759 -0.01638783
v 0.03159593 0.06597289 -0.01414277
v 0.02808216 0.06673405 -0.01773803
v 0.03027633 0.06625874 -0.01998310
v 0.02250260 0.06664323 -0.02540000
v 0.02522535 0.06596322 -0.02467266
v 0.02408241 0.06630101 -0.02155545
v 0.02335759 0.06645802 -0.02205099
v 0.02250260 0.06664323 -0.02222500
v 0.00171077 0.05394462 -0.02222500
v 0.00171077 0.05394462 -0.02540000
v -0.00403775 0.05317710 -0.02222500
v -0.00416859 0.05327038 -0.02540000
v -0.00409755 0.05510500 -0.02543125
v -0.00348610 0.05534284 -0.02222500
v -0.00428123 0.05484011 -0.02222500
v -0.00262970 0.05552140 -0.02205099
v -0.00004434 0.05597208 -0.02418810
v -0.00190368 0.05567278 -0.02155545
v -0.00655774 0.07007492 -0.02540000
v -0.00379379 0.07056114 -0.02467266
v 0.00768885 0.06578102 -0.01459178
v 0.00549105 0.06532278 -0.01234672
v 0.00649656 0.07149944 -0.01459178
v 0.00429876 0.07104120 -0.01234672
v 0.00421988 0.07361937 -0.01638783
v 0.00202208 0.07316113 -0.01414277
v -0.00149750 0.07242730 -0.01773803
v 0.00070030 0.07288554 -0.01998310
v -0.00497532 0.07040486 -0.02155545
v -0.00570134 0.07025348 -0.02205099
v -0.00655774 0.07007492 -0.02222500
v -0.02038703 0.05001737 -0.02222500
v -0.02038703 0.05001737 -0.02540000
v -0.02532639 0.04697806 -0.02222500
v -0.02516293 0.04702042 -0.02540000
v -0.02622522 0.04839827 -0.02222500
v -0.01974008 0.06326196 -0.01459178
v -0.02156149 0.06194941 -0.01234672
v -0.02497659 0.06668850 -0.01234672
v -0.02315518 0.06800105 -0.01459178
v -0.02609729 0.06901170 -0.01638783
v -0.02791870 0.06769915 -0.01414277
v -0.03083551 0.06559721 -0.01773803
v -0.02901411 0.06690977 -0.01998310
v -0.03319007 0.06233507 -0.02155545
v -0.03217425 0.06295840 -0.02467266
v -0.03450148 0.06139003 -0.02540000
v -0.03379175 0.06190148 -0.02205099
v -0.03450148 0.06139003 -0.02222500
v -0.03897702 0.03744166 -0.02222500
v -0.03897702 0.03744166 -0.02540000
v -0.04192798 0.03287657 -0.02222500
v -0.04202028 0.03282215 -0.02540000
v -0.04370737 0.03400047 -0.02542668
v -0.04349349 0.03451523 -0.02222500
v -0.04354358 0.03316211 -0.02222500
v -0.04318153 0.03294749 -0.02540000
v -0.04305314 0.03527114 -0.02205099
v -0.04165812 0.03749399 -0.02418810
v -0.04267984 0.03591196 -0.02155545
v -0.04377307 0.04980434 -0.01459178
v -0.04490314 0.04786443 -0.01234672
v -0.04882048 0.05274466 -0.01459178
v -0.04995055 0.05080476 -0.01234672
v -0.05191930 0.05247127 -0.01638783
v -0.05304937 0.05053136 -0.01414277
v -0.05485908 0.04742478 -0.01773803
v -0.05372901 0.04936469 -0.01998310
v -0.05568324 0.04348698 -0.02155545
v -0.05500877 0.04446959 -0.02467266
v -0.05605654 0.04284615 -0.02205099
v -0.05649689 0.04209024 -0.02222500
v -0.05649689 0.04209024 -0.02540000
v -0.05084482 0.01839195 -0.02222500
v -0.05084482 0.01839195 -0.02540000
v -0.05168387 0.01302127 -0.02222500
v -0.05189906 0.01271163 -0.02540000
v -0.05327594 0.01262500 -0.02222500
v -0.06025458 0.02773509 -0.01459178
v -0.06049792 0.02550326 -0.01234672
v -0.06630491 0.02613641 -0.01234672
v -0.06606156 0.02836824 -0.01459178
v -0.06878127 0.02685809 -0.01638783
v -0.06902461 0.02462625 -0.01414277
v -0.06941430 0.02105216 -0.01773803
v -0.06917096 0.02328400 -0.01998310
v -0.06834908 0.01829159 -0.02467266
v -0.06856556 0.01711959 -0.02155545
v -0.06864595 0.01638233 -0.02205099
v -0.06874077 0.01551267 -0.02222500
v -0.06874077 0.01551267 -0.02540000
v -0.05393838 -0.00383789 -0.02222500
v -0.05393838 -0.00383789 -0.02540000
v -0.05252044 -0.00908553 -0.02222500
v -0.05259108 -0.00945592 -0.02540000
v -0.00821865 -0.05489977 -0.02222867
v -0.00764679 -0.05473197 -0.02543125
v -0.00916913 -0.05483408 -0.02205099
v -0.01164865 -0.05475788 -0.02429540
v -0.00991076 -0.05483120 -0.02155545
v -0.02986753 -0.04683282 -0.02222737
v -0.02909906 -0.04694536 -0.02542789
v -0.03068809 -0.04640468 -0.02205099
v -0.03304952 -0.04524815 -0.02418751
v -0.03136443 -0.04610040 -0.02155545
v -0.06911603 -0.01374719 -0.02222500
v -0.06911603 -0.01374719 -0.02540000
v -0.04772279 -0.02540413 -0.02222500
v -0.04772279 -0.02540413 -0.02540000
v -0.04426115 -0.02971269 -0.02222500
v -0.04424305 -0.02984060 -0.02540000
v -0.05439135 -0.00986207 -0.02542789
v -0.05478572 -0.00915245 -0.02222500
v -0.05381369 -0.01009509 -0.02222500
v -0.04554918 -0.03114048 -0.02542965
v -0.04633092 -0.03070178 -0.02222867
v -0.04491018 -0.03090476 -0.02222500
v -0.04691809 -0.02995148 -0.02205099
v -0.04860107 -0.02793784 -0.02418810
v -0.04741220 -0.02939842 -0.02155545
v -0.05505282 -0.00831941 -0.02205099
v -0.05577346 -0.00579065 -0.02418751
v -0.05527926 -0.00761319 -0.02155545
v -0.06633482 0.00087020 -0.01459178
v -0.06564936 -0.00126767 -0.01234672
v -0.07189729 -0.00091330 -0.01459178
v -0.07376763 -0.00339911 -0.01638783
v -0.07266992 -0.00682270 -0.01998310
v -0.06988849 -0.01104921 -0.02467266
v -0.07308216 -0.00553697 -0.01414277
v -0.07121182 -0.00305116 -0.01234672
v -0.07198445 -0.00896056 -0.01773803
v -0.06960957 -0.01220793 -0.02155545
v -0.06938313 -0.01291415 -0.02205099
v -0.06096246 -0.02614517 -0.01459178
v -0.05946671 -0.02781940 -0.01234672
v -0.06382287 -0.03171116 -0.01234672
v -0.06531861 -0.03003693 -0.01459178
v -0.06601619 -0.03306856 -0.01638783
v -0.06452044 -0.03474279 -0.01414277
v -0.06212513 -0.03742392 -0.01773803
v -0.06362088 -0.03574969 -0.01998310
v -0.05936084 -0.03847949 -0.02467266
v -0.05755780 -0.04063003 -0.02540000
v -0.05863474 -0.03942459 -0.02155545
v -0.05755780 -0.04063003 -0.02222500
v -0.03327280 -0.04257777 -0.02222500
v -0.03327280 -0.04257777 -0.02540000
v -0.05814063 -0.03997765 -0.02205099
v -0.02825221 -0.04521694 -0.02222500
v -0.02819627 -0.04533572 -0.02540000
v -0.02862854 -0.04661904 -0.02222500
v -0.04506643 -0.04863979 -0.01459178
v -0.04301902 -0.04956090 -0.01234672
v -0.04541564 -0.05488801 -0.01234672
v -0.04746304 -0.05396690 -0.01459178
v -0.04686724 -0.05702017 -0.01638783
v -0.04481983 -0.05794127 -0.01414277
v -0.04154110 -0.05941635 -0.01773803
v -0.04358850 -0.05849524 -0.01998310
v -0.03858646 -0.05925632 -0.02467266
v -0.03753872 -0.05982437 -0.02155545
v -0.03606459 -0.06048757 -0.02540000
v -0.03686238 -0.06012865 -0.02205099
v -0.03606459 -0.06048757 -0.02222500
v -0.01308692 -0.05238932 -0.02222500
v -0.01308692 -0.05238932 -0.02540000
v -0.01915024 -0.06273288 -0.01234672
v -0.02139529 -0.06272415 -0.01459178
v -0.00756874 -0.05269980 -0.02222500
v -0.00719585 -0.05295220 -0.02540000
v -0.00711715 -0.05397977 -0.02222500
v -0.00835277 -0.06988626 -0.02540000
v -0.01115741 -0.06978719 -0.02467266
v -0.02141798 -0.06856550 -0.01459178
v -0.01963181 -0.07111246 -0.01638783
v -0.01603657 -0.07112642 -0.01998310
v -0.01917293 -0.06857423 -0.01234672
v -0.01738676 -0.07112118 -0.01414277
v -0.01379152 -0.07113515 -0.01773803
v -0.00996921 -0.06987998 -0.02155545
v -0.00922758 -0.06988286 -0.02205099
v -0.00835277 -0.06988626 -0.02222500
v 0.00595800 -0.06596294 -0.01459178
v 0.00801250 -0.06505776 -0.01234672
v 0.00831316 -0.07130851 -0.01459178
v 0.01036766 -0.07040333 -0.01234672
v 0.03809830 -0.06005906 -0.01234672
v 0.03377251 -0.05613358 -0.01234672
v 0.03658959 -0.06172162 -0.01459178
v 0.03226380 -0.05779614 -0.01459178
v 0.03967753 -0.06209848 -0.01638783
v 0.04118624 -0.06043592 -0.01414277
v 0.04360230 -0.05777349 -0.01773803
v 0.04209359 -0.05943605 -0.01998310
v 0.05297361 -0.03963586 -0.01459178
v 0.05852205 -0.04146251 -0.01459178
v 0.05367566 -0.03750338 -0.01234672
v 0.05922410 -0.03933004 -0.01234672
v 0.06149631 -0.04055081 -0.01638783
v 0.06219836 -0.03841834 -0.01414277
v 0.06332263 -0.03500338 -0.01773803
v 0.06262058 -0.03713585 -0.01998310
v 0.05529361 -0.00241735 -0.02222500
v 0.05516407 -0.00187518 -0.02542668
v 0.05538168 -0.00328773 -0.02205099
v 0.05556080 -0.00591105 -0.02418751
v 0.05545633 -0.00402559 -0.02155545
v 0.06450651 -0.01462217 -0.01459178
v 0.06428051 -0.01238851 -0.01234672
v 0.07009223 -0.01180049 -0.01234672
v 0.07031823 -0.01403415 -0.01459178
v 0.07266453 -0.01199153 -0.01638783
v 0.07243853 -0.00975787 -0.01414277
v 0.07207661 -0.00618087 -0.01773803
v 0.07230261 -0.00841453 -0.01998310
v 0.07042879 -0.00251069 -0.02155545
v 0.07046071 -0.00370209 -0.02467266
v 0.07035413 -0.00177283 -0.02205099
v 0.05453880 -0.00129322 -0.02222500
v 0.05411974 -0.00133240 -0.02540000
v 0.05310660 -0.00191355 -0.02540000
v 0.05306391 -0.00201183 -0.02222500
v 0.05335983 -0.00743960 -0.02222500
v 0.05335983 -0.00743960 -0.02540000
v 0.04834443 -0.02803931 -0.02418751
v 0.04901588 -0.02627436 -0.02155545
v 0.04960399 -0.02468626 -0.02222867
v 0.04959304 -0.02378990 -0.02542965
v 0.04924779 -0.02556992 -0.02205099
v 0.06381553 -0.02944490 -0.02222500
v 0.06381553 -0.02944490 -0.02540000
v 0.06331006 -0.03098028 -0.02155545
v 0.06285464 -0.03208166 -0.02467266
v 0.06354198 -0.03027584 -0.02205099
v 0.04906940 -0.02335437 -0.02222500
v 0.04781424 -0.02330870 -0.02540000
v 0.04771252 -0.02338833 -0.02222500
v 0.03552399 -0.04223119 -0.02543125
v 0.04571202 -0.02854048 -0.02540000
v 0.04631343 -0.05289604 -0.02540000
v 0.03450311 -0.04070519 -0.02540000
v 0.00934451 -0.05314228 -0.02540000
v 0.02078602 -0.06720098 -0.02540000
v 0.03014290 -0.04470646 -0.02540000
v 0.04571202 -0.02854048 -0.02222500
v 0.04631343 -0.05289604 -0.02222500
v 0.04522716 -0.05409309 -0.02155545
v 0.04436314 -0.05491401 -0.02467266
v 0.04572554 -0.05354388 -0.02205099
v 0.03275158 -0.04531931 -0.02418751
v 0.03408284 -0.04398005 -0.02155545
v 0.03516912 -0.04278300 -0.02222500
v 0.03458123 -0.04343084 -0.02205099
v 0.03551689 -0.04190893 -0.02222500
v 0.03434243 -0.04070662 -0.02222500
v 0.03014290 -0.04470646 -0.02222500
v 0.02078602 -0.06720098 -0.02222500
v 0.01930678 -0.06785271 -0.02155545
v 0.01818355 -0.06825123 -0.02467266
v 0.01998546 -0.06755369 -0.02205099
v 0.00934451 -0.05314228 -0.02222500
v 0.01418750 0.00000000 -0.00317500
v 0.01411104 0.00241982 -0.00000000
v 0.01360876 0.00402525 -0.00317500
v 0.01103503 0.00915534 -0.00317500
v 0.01054684 0.00971875 -0.00000000
v 0.00431763 0.01372202 -0.00317500
v 0.00360234 0.01393205 -0.00000000
v -0.00380234 0.01393205 -0.00317500
v -0.00451763 0.01372202 -0.00000000
v -0.01074684 0.00971875 -0.00317500
v -0.01123503 0.00915534 -0.00000000
v -0.01380876 0.00402525 -0.00317500
v -0.01380876 0.00402525 -0.00000000
v -0.01438750 0.00000000 -0.00317500
v -0.01431104 -0.00241982 -0.00000000
v -0.01380876 -0.00402525 -0.00317500
v -0.01123503 -0.00915534 -0.00317500
v -0.01074684 -0.00971875 -0.00000000
v -0.00451763 -0.01372202 -0.00317500
v -0.00380234 -0.01393205 -0.00000000
v 0.00360234 -0.01393205 -0.00317500
v 0.00431763 -0.01372202 -0.00000000
v 0.01054684 -0.00971875 -0.00317500
v 0.01103503 -0.00915534 -0.00000000
v 0.01360876 -0.00402525 -0.00317500
v 0.01360876 -0.00402525 -0.00000000
v 0.00939153 0.02692215 -0.00330192
v -0.00167367 0.02844011 -0.00329108
v -0.02745331 -0.00798019 -0.00327666
v -0.02505361 -0.01366186 -0.00325912
v -0.01628445 -0.02351722 -0.00330440
v 0.01391003 0.02470445 -0.00325601
v -0.01140874 0.02613255 -0.00325877
v -0.01606077 0.02361884 -0.00328129
v -0.01019024 -0.02662292 -0.00327015
v 0.02247784 -0.01725477 -0.00325753
v 0.01939202 -0.02075746 -0.00328377
v -0.02781510 0.00009077 -0.00313419
v 0.01110609 -0.02616983 -0.00327946
v 0.00561931 -0.02787551 -0.00325103
v 0.02761452 -0.00020938 -0.00310532
v -0.02493184 0.01401875 -0.00327849
v 0.02725898 0.00787725 -0.00326568
v 0.02240284 0.01741028 -0.00326387
v -0.02847553 -0.00272449 -0.00334767
v -0.02916986 0.00050639 -0.00376174
v -0.02796485 0.00674804 -0.00338949
v 0.02864282 0.00479568 -0.00388691
v 0.02842660 0.00151954 -0.00334644
v 0.02892803 -0.00011462 -0.00381290
v 0.02777502 -0.00649673 -0.00339872
v -0.02892852 -0.00363375 -0.00385514
v -0.02781440 0.00000000 -0.00317500
v -0.02058162 0.02014221 -0.00346336
v -0.00709512 0.02776738 -0.00340546
v 0.00342684 0.02842850 -0.00343292
v 0.01819607 0.02210056 -0.00343242
v 0.02521018 0.01341690 -0.00343292
v 0.02761440 0.00000000 -0.00317500
v 0.02551710 -0.01319611 -0.00350333
v 0.01547177 -0.02404451 -0.00343292
v 0.00014000 -0.02872538 -0.00346336
v -0.00547266 -0.02815476 -0.00342264
v -0.02195583 -0.01858773 -0.00343242
v -0.04125950 0.00534218 -0.02107435
v -0.03970655 0.01240827 -0.02107435
v -0.03605391 0.02085854 -0.02107148
v -0.03110030 0.02762375 -0.02109673
v -0.02685616 0.03168223 -0.02102040
v -0.02094810 0.03584708 -0.02102040
v -0.01440658 0.03892272 -0.02102040
v -0.00743038 0.04081571 -0.02102040
v -0.00156387 0.04074294 -0.02022783
v 0.00761601 0.04067070 -0.02090448
v 0.01571300 0.03837438 -0.02107436
v 0.02381275 0.03399916 -0.02107148
v 0.03012048 0.02847477 -0.02109673
v 0.03426684 0.02330964 -0.02105522
v 0.03821626 0.01595330 -0.02107435
v 0.04066379 0.00785444 -0.02104696
v 0.04066883 0.00014279 -0.02020456
v 0.02890535 0.00000000 -0.00383860
v 0.04063924 0.00000000 -0.02023420
v 0.04048422 -0.00355066 -0.02023420
v 0.04043728 -0.00890915 -0.02107436
v 0.03827437 -0.01581300 -0.02107435
v 0.03494548 -0.02223641 -0.02107436
v 0.03055174 -0.02798419 -0.02107436
v 0.02563253 -0.03258722 -0.02109673
v 0.02074810 -0.03584708 -0.02102040
v 0.01420657 -0.03892273 -0.02102040
v 0.00723038 -0.04081571 -0.02102040
v 0.00136387 -0.04074294 -0.02022783
v -0.00781601 -0.04067070 -0.02090448
v -0.01591300 -0.03837438 -0.02107436
v -0.02192090 -0.03532617 -0.02109673
v -0.02726285 -0.03141017 -0.02105522
v -0.03298166 -0.02532668 -0.02107436
v -0.03688005 -0.01923205 -0.02107436
v -0.04027248 -0.01067401 -0.02107148
v -0.04156186 -0.00188627 -0.02107436
v -0.02910535 0.00000000 -0.00383860
v 0.00335818 0.04174449 -0.02129262
v 0.04225883 -0.00551120 -0.02181121
v -0.00355818 -0.04174449 -0.02129262
v -0.04333004 -0.00423575 -0.02198136
v -0.04195048 0.01082696 -0.02198515
v -0.03772222 0.02128977 -0.02198515
v -0.02967815 0.03165064 -0.02198368
v -0.01706922 0.03985818 -0.02198368
v -0.00423964 0.04302962 -0.02198515
v 0.00703827 0.04263485 -0.02198515
v 0.01952554 0.03861953 -0.02198368
v 0.03155062 0.02957816 -0.02198368
v 0.03891877 0.01860702 -0.02198515
v 0.04279201 0.00607496 -0.02198368
v 0.03851952 -0.01962555 -0.02198368
v 0.02852460 -0.03420195 -0.02229241
v 0.02353273 -0.03630597 -0.02198368
v 0.00788737 -0.04269636 -0.02198136
v -0.00723827 -0.04263485 -0.02198515
v -0.01972554 -0.03861953 -0.02198368
v -0.03040168 -0.03083008 -0.02198515
v -0.03832754 -0.02037853 -0.02198368
v -0.04454234 0.00388820 -0.02222500
v -0.04403435 0.00774681 -0.02222500
v -0.04319198 0.01154646 -0.02222500
v -0.04202167 0.01525824 -0.02222500
v -0.04053230 0.01885389 -0.02222500
v -0.03873521 0.02230605 -0.02222500
v -0.03664410 0.02558845 -0.02222500
v -0.03427485 0.02867611 -0.02222500
v -0.03164552 0.03154552 -0.02222500
v -0.02877611 0.03417486 -0.02222500
v -0.02568845 0.03654410 -0.02222500
v -0.02240605 0.03863522 -0.02222500
v -0.01895389 0.04043230 -0.02222500
v -0.01535824 0.04192166 -0.02222500
v -0.01164646 0.04309198 -0.02222500
v -0.00784681 0.04393435 -0.02222500
v -0.00398820 0.04444234 -0.02222500
v -0.00010000 0.04461210 -0.02222500
v 0.00378820 0.04444234 -0.02222500
v 0.00764681 0.04393435 -0.02222500
v 0.01144646 0.04309198 -0.02222500
v 0.01515824 0.04192166 -0.02222500
v 0.01875389 0.04043230 -0.02222500
v 0.02220605 0.03863522 -0.02222500
v 0.02548845 0.03654410 -0.02222500
v 0.02857611 0.03417486 -0.02222500
v 0.03144552 0.03154552 -0.02222500
v 0.03407485 0.02867611 -0.02222500
v 0.03644409 0.02558845 -0.02222500
v 0.03853521 0.02230605 -0.02222500
v 0.04033230 0.01885389 -0.02222500
v 0.04182167 0.01525824 -0.02222500
v 0.04299198 0.01154646 -0.02222500
v 0.04383435 0.00774681 -0.02222500
v 0.04434234 0.00388820 -0.02222500
v 0.04451210 0.00000000 -0.02222500
v 0.04434234 -0.00388820 -0.02222500
v 0.04383435 -0.00774681 -0.02222500
v 0.04299198 -0.01154646 -0.02222500
v 0.04182167 -0.01525824 -0.02222500
v 0.04033230 -0.01885389 -0.02222500
v 0.03853521 -0.02230605 -0.02222500
v 0.03644409 -0.02558845 -0.02222500
v 0.03407485 -0.02867611 -0.02222500
v 0.03144552 -0.03154552 -0.02222500
v 0.02548845 -0.03654410 -0.02222500
v 0.02220605 -0.03863522 -0.02222500
v 0.01875389 -0.04043230 -0.02222500
v 0.01515824 -0.04192166 -0.02222500
v 0.01144646 -0.04309198 -0.02222500
v 0.00764681 -0.04393435 -0.02222500
v 0.00378820 -0.04444234 -0.02222500
v -0.00010000 -0.04461210 -0.02222500
v -0.00398820 -0.04444234 -0.02222500
v -0.00784681 -0.04393435 -0.02222500
v -0.01164646 -0.04309198 -0.02222500
v -0.01535824 -0.04192166 -0.02222500
v -0.01895389 -0.04043230 -0.02222500
v -0.02240605 -0.03863522 -0.02222500
v -0.02568845 -0.03654410 -0.02222500
v -0.02877611 -0.03417486 -0.02222500
v -0.03164552 -0.03154552 -0.02222500
v -0.03427485 -0.02867611 -0.02222500
v -0.03664410 -0.02558845 -0.02222500
v -0.03873521 -0.02230605 -0.02222500
v -0.04053230 -0.01885389 -0.02222500
v -0.04202167 -0.01525824 -0.02222500
v -0.04319198 -0.01154646 -0.02222500
v -0.04403435 -0.00774681 -0.02222500
v -0.04454234 -0.00388820 -0.02222500
v -0.04471210 0.00000000 -0.02222500
v -0.01310033 -0.00002470 -0.00683020
v -0.01285450 0.00294178 -0.00682171
v 0.01290000 0.00000000 -0.00682500
v -0.01132712 -0.00696217 -0.00682895
v -0.00561599 -0.01189417 -0.00682653
v 0.00070983 -0.01308594 -0.00682653
v 0.00684045 -0.01112330 -0.00682653
v 0.01071023 -0.00729188 -0.00682543
v 0.01265450 -0.00294178 -0.00682171
v 0.01191716 0.00506168 -0.00682543
v 0.01290126 0.00002248 -0.00682789
v 0.00897915 0.00945868 -0.00682653
v -0.00090983 0.01308594 -0.00682653
v 0.00431500 0.01226949 -0.00682543
v -0.00704045 0.01112330 -0.00682653
v -0.01091023 0.00729188 -0.00682543
v -0.01410000 0.00000000 -0.00582500
v -0.01390906 -0.00230432 -0.00582500
v -0.01299004 -0.00557815 -0.00582981
v -0.01048040 -0.00946130 -0.00582981
v -0.00684588 -0.01231917 -0.00582981
v -0.00136548 -0.01406570 -0.00583397
v 0.00439465 -0.01330665 -0.00582981
v 0.00847178 -0.01112625 -0.00582981
v 0.01162002 -0.00774015 -0.00582981
v 0.01367162 -0.00286889 -0.00582612
v 0.01390000 0.00000000 -0.00582500
v 0.01363677 0.00308079 -0.00582214
v 0.01169610 0.00762370 -0.00582981
v 0.00858155 0.01104082 -0.00582981
v 0.00452621 0.01326149 -0.00582981
v -0.00003045 0.01404507 -0.00582981
v -0.00459465 0.01330665 -0.00582981
v -0.00959139 0.01045749 -0.00583397
v -0.01293417 0.00570553 -0.00582981
v -0.01397689 0.00161779 -0.00582667
v -0.01310000 0.00000000 -0.00682500
v 0.01391076 -0.00095360 0.00317500
v 0.01245673 -0.00646034 0.00317500
v 0.00868764 -0.01095390 0.00317500
v 0.00465477 -0.01321374 0.00317500
v -0.00097224 -0.01409421 0.00317500
v -0.00660134 -0.01244762 0.00317500
v -0.01029082 -0.00966219 0.00317500
v -0.01287596 -0.00582971 0.00317500
v -0.01421810 -0.00029464 0.00317500
v -0.01265673 0.00646034 0.00317500
v -0.00888764 0.01095391 0.00317500
v -0.00485477 0.01321374 0.00317500
v -0.00030665 0.01404165 0.00317500
v 0.00426386 0.01334794 0.00317500
v 0.00836148 0.01120776 0.00317500
v 0.01154217 0.00785306 0.00317500
v 0.01346125 0.00364735 0.00317500
v -0.03440533 -0.04381151 0.02175968
v -0.04603063 -0.05345341 0.02220522
v -0.03581735 -0.04178908 0.02226500
v -0.03767620 -0.05377935 0.01657904
v -0.03881911 -0.05390063 0.01725728
v -0.03397251 -0.05613358 0.01234672
v -0.03648295 -0.05515788 0.01475630
v -0.03682110 -0.05423953 0.01566363
v -0.03829830 -0.06005906 0.01234672
v -0.04138624 -0.06043592 0.01414277
v -0.03982447 -0.05811951 0.01480865
v -0.03994359 -0.05457089 0.01751659
v -0.04074834 -0.05561053 0.01728750
v -0.04380230 -0.05777349 0.01773803
v -0.04101773 -0.05674097 0.01663139
v -0.04067957 -0.05765932 0.01572407
v -0.03868157 -0.05799822 0.01413042
v -0.03755708 -0.05732796 0.01387110
v -0.03675233 -0.05628832 0.01410020
v -0.01361973 -0.05397703 0.02175968
v -0.02031471 -0.06751583 0.02220163
v -0.01554188 -0.05297041 0.02226149
v -0.01408660 -0.06565336 0.01748208
v -0.01456634 -0.06689711 0.01741964
v -0.01652544 -0.07055403 0.01773803
v -0.01322250 -0.06472566 0.01706536
v -0.01220558 -0.06436258 0.01628115
v -0.00821249 -0.06505776 0.01234672
v -0.01077114 -0.06554207 0.01449291
v -0.01130832 -0.06466141 0.01533957
v -0.01453318 -0.06812363 0.01689478
v -0.01399600 -0.06900430 0.01604813
v -0.01323535 -0.07200359 0.01414277
v -0.01309874 -0.06930313 0.01510654
v -0.01056766 -0.07040333 0.01234672
v -0.01208182 -0.06894004 0.01432233
v -0.01121772 -0.06801234 0.01390561
v -0.01073798 -0.06676860 0.01396805
v 0.00956235 -0.05480196 0.02171353
v 0.00889411 -0.06990084 0.02220163
v 0.00705676 -0.05450596 0.02225157
v 0.01897293 -0.06857423 0.01234672
v 0.01718676 -0.07112118 0.01414277
v 0.01656938 -0.06836175 0.01474943
v 0.01895024 -0.06273288 0.01234672
v 0.01648579 -0.06389762 0.01481568
v 0.01556814 -0.06358290 0.01573210
v 0.01466342 -0.06395879 0.01663827
v 0.01401406 -0.06492457 0.01729138
v 0.01379404 -0.06622145 0.01751644
v 0.01406232 -0.06750193 0.01725313
v 0.01359152 -0.07113515 0.01773803
v 0.01474701 -0.06842292 0.01657202
v 0.01566466 -0.06873763 0.01565560
v 0.01721875 -0.06739598 0.01409631
v 0.01743877 -0.06609910 0.01387126
v 0.01717049 -0.06481861 0.01413456
v 0.03096629 -0.04616480 0.02175968
v 0.03654776 -0.06019936 0.02220163
v 0.02877528 -0.04691853 0.02225963
v 0.04252897 -0.05275980 0.01392369
v 0.04281902 -0.04956090 0.01234672
v 0.04305878 -0.05398449 0.01394299
v 0.04521564 -0.05488801 0.01234672
v 0.03974302 -0.05194375 0.01612954
v 0.04061462 -0.05158157 0.01518609
v 0.04163434 -0.05188027 0.01437869
v 0.03925311 -0.05286976 0.01695625
v 0.03927614 -0.05411147 0.01744470
v 0.03980595 -0.05533616 0.01746401
v 0.04070057 -0.05621569 0.01700900
v 0.04134110 -0.05941635 0.01773803
v 0.04172029 -0.05651438 0.01620160
v 0.04461983 -0.05794127 0.01414277
v 0.04259188 -0.05615221 0.01525815
v 0.04308181 -0.05522620 0.01443144
v 0.04705738 -0.02953785 0.02175968
v 0.05786468 -0.04008887 0.02220163
v 0.04519432 -0.03115323 0.02225569
v 0.05757946 -0.03097292 0.01582253
v 0.05838579 -0.03045094 0.01489607
v 0.05926671 -0.02781940 0.01234672
v 0.05951290 -0.03050220 0.01418337
v 0.06432044 -0.03474279 0.01414277
v 0.06185600 -0.03325232 0.01467318
v 0.06362286 -0.03171116 0.01234672
v 0.06151643 -0.03211958 0.01405468
v 0.06065879 -0.03111297 0.01387540
v 0.05730998 -0.03192827 0.01671451
v 0.05764955 -0.03306102 0.01733301
v 0.05850719 -0.03406763 0.01751229
v 0.05965308 -0.03467840 0.01720432
v 0.06192513 -0.03742392 0.01773803
v 0.06078019 -0.03472966 0.01649162
v 0.06158652 -0.03420768 0.01556516
v 0.07178446 -0.00896056 0.01773803
v 0.06988964 -0.00672734 0.01618998
v 0.07288217 -0.00553697 0.01414277
v 0.07019530 -0.00583447 0.01524642
v 0.07101183 -0.00305116 0.01234672
v 0.06761582 -0.00362142 0.01392662
v 0.06544936 -0.00126767 0.01234672
v 0.06888251 -0.00404127 0.01393966
v 0.06982667 -0.00485130 0.01442275
v 0.06516228 -0.00516045 0.01614127
v 0.05499454 -0.00780354 0.02175968
v 0.06546795 -0.00426758 0.01519772
v 0.06636600 -0.00370426 0.01438709
v 0.06553092 -0.00614363 0.01696495
v 0.06647507 -0.00695366 0.01744803
v 0.06914254 -0.01308557 0.02220486
v 0.06774177 -0.00737350 0.01746108
v 0.06899159 -0.00729066 0.01700060
v 0.02417458 0.05013885 0.02158028
v 0.03371030 0.06183757 0.02220163
v 0.02550332 0.04918095 0.02222500
v 0.02136149 0.06194941 0.01234672
v 0.02477659 0.06668850 0.01234672
v 0.02462994 0.06387717 0.01387135
v 0.02545984 0.06041615 0.01656810
v 0.02655234 0.06076444 0.01725081
v 0.02405255 0.06269483 0.01409416
v 0.02401659 0.06153066 0.01474560
v 0.02453169 0.06069661 0.01565113
v 0.02751645 0.06164814 0.01751634
v 0.02809384 0.06283048 0.01729353
v 0.03063552 0.06559721 0.01773803
v 0.02812980 0.06399465 0.01664209
v 0.02771870 0.06769915 0.01414277
v 0.02761470 0.06482870 0.01573656
v 0.02668655 0.06510916 0.01481960
v 0.02559405 0.06476087 0.01413688
v 0.00190184 0.05560841 0.02175968
v 0.00563564 0.07024331 0.02220163
v 0.00399127 0.05502343 0.02226149
v -0.00193289 0.06543178 0.01600352
v -0.00282806 0.06574245 0.01506378
v -0.00569105 0.06532278 0.01234672
v -0.00342565 0.06665324 0.01429287
v -0.00097999 0.06580448 0.01686028
v -0.00022471 0.06676068 0.01740449
v -0.00222208 0.07316113 0.01414277
v -0.00245494 0.07015979 0.01452742
v -0.00449876 0.07104120 0.01234672
v -0.00321023 0.06920359 0.01398320
v -0.00356553 0.06792010 0.01389735
v 0.00013060 0.06804417 0.01749034
v -0.00000929 0.06931104 0.01709482
v 0.00129750 0.07242730 0.01773803
v -0.00060688 0.07022182 0.01632391
v -0.00150205 0.07053249 0.01538418
v -0.03177685 0.05740124 0.01234672
v -0.03301353 0.06311022 0.01234672
v -0.03106516 0.06138523 0.01388572
v -0.02803793 0.05927082 0.01639669
v -0.02748069 0.06022613 0.01714355
v -0.02088921 0.05161504 0.02175968
v -0.02343076 0.06650336 0.02220163
v -0.02828216 0.06673405 0.01773803
v -0.02954273 0.06399519 0.01592620
v -0.03179593 0.06597289 0.01414277
v -0.03041898 0.06362295 0.01499100
v -0.03097622 0.06266765 0.01424414
v -0.03066195 0.06011934 0.01401179
v -0.02987464 0.05920916 0.01458856
v -0.02891418 0.05889858 0.01546150
v -0.02739175 0.06150854 0.01750197
v -0.02779496 0.06277443 0.01737590
v -0.02858227 0.06368461 0.01679913
v -0.01874248 0.05193048 0.02226149
v 0.05344513 0.01296340 0.02225963
v 0.05350877 0.01307248 0.02543071
v 0.05340534 0.01528009 0.02175968
v 0.05311541 0.01734926 0.02418810
v 0.06854077 0.01551267 0.02540000
v 0.06814907 0.01829159 0.02467266
v 0.00414408 0.05493024 0.02543238
v -0.00015566 0.05597208 0.02418810
v -0.01886128 0.05196688 0.02543125
v -0.02291674 0.05111040 0.02418810
v -0.03837231 0.03983548 0.02225618
v -0.03847241 0.03981447 0.02542668
v -0.04008562 0.03869695 0.02175968
v -0.04173261 0.03741127 0.02418810
v -0.05196394 0.01494765 0.02222500
v -0.05196394 0.01494765 0.02540000
v -0.04953269 0.01961871 0.02222500
v -0.04950588 0.02033092 0.02540000
v -0.05168781 0.02032225 0.02540000
v -0.05168781 0.02032225 0.02222500
v -0.05107718 0.02088866 0.02540000
v -0.05096398 0.02092311 0.02222500
v -0.04983540 0.02060021 0.02222500
v -0.05525540 -0.00164124 0.02542789
v -0.05517029 -0.00154746 0.02225963
v -0.05341002 -0.00166422 0.02540000
v -0.05333513 -0.00177206 0.02222500
v -0.05561304 -0.00382179 0.02175968
v -0.05576081 -0.00591105 0.02418751
v -0.04979733 -0.02396857 0.02226149
v -0.04982114 -0.02409140 0.02542772
v -0.04925922 -0.02607056 0.02175968
v -0.04854444 -0.02803931 0.02418751
v -0.03582082 -0.04194459 0.02543565
v -0.03295158 -0.04531931 0.02418751
v 0.02119529 -0.06272415 0.01459178
v 0.01144865 -0.05475788 0.02429540
v 0.02121798 -0.06856550 0.01459178
v 0.01943181 -0.07111246 0.01638783
v -0.00954451 -0.05314228 0.02222500
v -0.00954451 -0.05314228 0.02540000
v -0.01500784 -0.05119634 0.02222500
v -0.01515522 -0.05126039 0.02540000
v 0.00815277 -0.06988626 0.02540000
v 0.01095742 -0.06978719 0.02467266
v 0.01583657 -0.07112642 0.01998310
v 0.00744761 -0.05473227 0.02542772
v 0.02889906 -0.04694536 0.02542789
v 0.03284952 -0.04524815 0.02418751
v 0.04486643 -0.04863979 0.01459178
v 0.04726304 -0.05396690 0.01459178
v 0.04666724 -0.05702017 0.01638783
v 0.04338850 -0.05849524 0.01998310
v 0.03838646 -0.05925632 0.02467266
v 0.03586459 -0.06048757 0.02540000
v 0.01288692 -0.05238932 0.02222500
v 0.01288692 -0.05238932 0.02540000
v -0.00615800 -0.06596294 0.01459178
v -0.00851316 -0.07130851 0.01459178
v -0.03246380 -0.05779614 0.01459178
v -0.03678959 -0.06172162 0.01459178
v -0.03987753 -0.06209848 0.01638783
v -0.04229359 -0.05943605 0.01998310
v -0.04456314 -0.05491401 0.02467266
v -0.04651343 -0.05289604 0.02540000
v -0.04591202 -0.02854048 0.02222500
v -0.04591202 -0.02854048 0.02540000
v -0.01118085 -0.07290877 0.01638783
v -0.01447094 -0.07145921 0.01998310
v -0.01838355 -0.06825123 0.02467266
v -0.02098602 -0.06720098 0.02540000
v -0.03439134 -0.04078203 0.02540000
v -0.03426602 -0.04081341 0.02222500
v -0.03034290 -0.04470646 0.02222500
v -0.03034290 -0.04470646 0.02540000
v 0.00699585 -0.05295220 0.02540000
v 0.00736874 -0.05269980 0.02222500
v -0.01168281 -0.05476053 0.02418810
v -0.01546716 -0.05306969 0.02543125
v 0.02799627 -0.04533572 0.02540000
v 0.02805221 -0.04521694 0.02222500
v 0.06076246 -0.02614517 0.01459178
v 0.04840107 -0.02793784 0.02418810
v 0.06511861 -0.03003693 0.01459178
v 0.06581619 -0.03306856 0.01638783
v 0.03307280 -0.04257777 0.02222500
v 0.03307280 -0.04257777 0.02540000
v 0.05735780 -0.04063003 0.02540000
v 0.05916084 -0.03847949 0.02467266
v 0.06342088 -0.03574969 0.01998310
v 0.04752279 -0.02540413 0.02222500
v 0.04752279 -0.02540413 0.02540000
v 0.04406115 -0.02971269 0.02222500
v 0.04404305 -0.02984060 0.02540000
v 0.04534918 -0.03114048 0.02542965
v -0.04293837 -0.00143797 0.02222500
v -0.04293837 -0.00143797 0.02540000
v -0.04162772 -0.01061333 0.02222500
v -0.04162772 -0.01061333 0.02540000
v -0.03837527 -0.01929243 0.02222500
v -0.03837527 -0.01929243 0.02540000
v -0.03333311 -0.02706943 0.02222500
v -0.03333311 -0.02706943 0.02540000
v -0.02673701 -0.03358070 0.02222500
v -0.02673701 -0.03358070 0.02540000
v -0.01889539 -0.03852177 0.02222500
v -0.01889539 -0.03852177 0.02540000
v -0.01017492 -0.04166161 0.02222500
v -0.01017492 -0.04166161 0.02540000
v -0.00098336 -0.04285340 0.02222500
v -0.00098336 -0.04285340 0.02540000
v 0.00824950 -0.04204141 0.02222500
v 0.00824950 -0.04204141 0.02540000
v 0.01709195 -0.03926360 0.02222500
v 0.01709195 -0.03926360 0.02540000
v 0.02513053 -0.03464988 0.02222500
v 0.02513053 -0.03464988 0.02540000
v 0.03198935 -0.02841597 0.02222500
v 0.03198935 -0.02841597 0.02540000
v 0.03734772 -0.02085336 0.02222500
v 0.03734772 -0.02085336 0.02540000
v 0.04095506 -0.01231566 0.02222500
v 0.04095506 -0.01231566 0.02540000
v 0.04264272 -0.00320210 0.02222500
v 0.04264272 -0.00320210 0.02540000
v 0.04233178 0.00606118 0.02222500
v 0.04233178 0.00606118 0.02540000
v 0.04003678 0.01504105 0.02222500
v 0.04003678 0.01504105 0.02540000
v 0.03586502 0.02331762 0.02222500
v 0.03586502 0.02331762 0.02540000
v 0.03001158 0.03050388 0.02222500
v 0.03001158 0.03050388 0.02540000
v 0.02275015 0.03626382 0.02222500
v 0.02275015 0.03626382 0.02540000
v 0.01442028 0.04032810 0.02222500
v 0.01442028 0.04032810 0.02540000
v 0.00541145 0.04250668 0.02222500
v 0.00541145 0.04250668 0.02540000
v -0.00385508 0.04269770 0.02222500
v -0.00385508 0.04269770 0.02540000
v -0.01294603 0.04089222 0.02222500
v -0.01294603 0.04089222 0.02540000
v -0.02143632 0.03717466 0.02222500
v -0.02143632 0.03717466 0.02540000
v -0.02892894 0.03171886 0.02222500
v -0.02892894 0.03171886 0.02540000
v -0.03507355 0.02477992 0.02222500
v -0.03507355 0.02477992 0.02540000
v -0.03958284 0.01668230 0.02222500
v -0.03958284 0.01668230 0.02540000
v -0.04224595 0.00780463 0.02222500
v -0.04224595 0.00780463 0.02540000
v -0.06401554 -0.02944490 0.02540000
v -0.06305464 -0.03208165 0.02467266
v -0.04826780 -0.02311169 0.02540000
v -0.04812159 -0.02317836 0.02222500
v -0.05872205 -0.04146251 0.01459178
v -0.05317361 -0.03963586 0.01459178
v -0.06169631 -0.04055081 0.01638783
v -0.06282058 -0.03713585 0.01998310
v -0.05387566 -0.03750338 0.01234672
v -0.05942410 -0.03933004 0.01234672
v -0.06239836 -0.03841834 0.01414277
v -0.06352263 -0.03500338 0.01773803
v -0.06380118 -0.03015045 0.02220522
v -0.05822792 -0.03353289 0.01747907
v -0.05947632 -0.03400138 0.01742447
v -0.05696281 -0.03356251 0.01705533
v -0.05601996 -0.03408229 0.01626678
v -0.06037349 -0.03484244 0.01690614
v -0.06067903 -0.03583071 0.01606298
v -0.06031109 -0.03670138 0.01512091
v -0.05936824 -0.03722116 0.01433236
v -0.05810312 -0.03725078 0.01390862
v -0.05685473 -0.03678229 0.01396323
v -0.05595756 -0.03594124 0.01448155
v -0.05565201 -0.03495296 0.01532471
v -0.05355982 -0.00743960 0.02222500
v -0.05355982 -0.00743960 0.02540000
v -0.07046606 -0.00090246 0.02540000
v -0.07066071 -0.00370209 0.02467266
v -0.06470650 -0.01462217 0.01459178
v -0.06448051 -0.01238851 0.01234672
v -0.07051823 -0.01403415 0.01459178
v -0.07286453 -0.01199153 0.01638783
v -0.07250261 -0.00841453 0.01998310
v -0.07029223 -0.01180049 0.01234672
v -0.07263853 -0.00975787 0.01414277
v -0.06534497 -0.00787382 0.01675146
v -0.06630844 -0.00717254 0.01735219
v -0.07056277 -0.00210438 0.02192250
v -0.06760208 -0.00688448 0.01750856
v -0.06887927 -0.00708681 0.01717869
v -0.07227661 -0.00618087 0.01773803
v -0.06979777 -0.00772533 0.01645095
v -0.06620203 -0.01034254 0.01420900
v -0.06528353 -0.00970402 0.01493674
v -0.06496982 -0.00880041 0.01586734
v -0.07011148 -0.00862894 0.01552035
v -0.06973633 -0.00955553 0.01463624
v -0.06877286 -0.01025681 0.01403551
v -0.06747922 -0.01054487 0.01387913
v -0.07046606 -0.00090246 0.02222500
v -0.06506836 0.01291981 0.01459178
v -0.06395338 0.01486844 0.01234672
v -0.05364028 0.01691130 0.02387644
v -0.05250157 0.01890066 0.02158028
v -0.06902349 0.01776947 0.01234672
v -0.07013846 0.01582084 0.01459178
v -0.07145111 0.01864119 0.01638783
v -0.07033613 0.02058982 0.01414277
v -0.06410523 0.02089883 0.01750545
v -0.06532055 0.02143180 0.01736447
v -0.06512745 0.02716890 0.02220987
v -0.06855060 0.02371037 0.01773803
v -0.06640413 0.01803984 0.01388224
v -0.06319789 0.01998283 0.01716101
v -0.06284168 0.01892923 0.01642344
v -0.06651822 0.02143892 0.01677586
v -0.06737734 0.02091830 0.01589731
v -0.06766768 0.02000943 0.01496425
v -0.06731147 0.01895584 0.01422669
v -0.06518880 0.01750687 0.01402322
v -0.06399113 0.01749974 0.01461184
v -0.06313202 0.01802036 0.01549038
v -0.06966557 0.02176174 0.01998310
v -0.06606618 0.02531760 0.02467266
v -0.06474967 0.02779602 0.02540000
v -0.04140031 0.03475033 0.02222500
v -0.04140031 0.03475033 0.02540000
v -0.03716868 0.03816231 0.02222500
v -0.03712421 0.03825979 0.02540000
v -0.03737025 0.03940157 0.02540000
v -0.03730972 0.03932388 0.02222500
v -0.04785475 0.05168831 0.02540000
v -0.05006552 0.04995964 0.02467266
v -0.05419658 0.03822785 0.01459178
v -0.05238543 0.03955451 0.01234672
v -0.05480002 0.04817521 0.01998310
v -0.05770042 0.04605068 0.01638783
v -0.05764840 0.04294027 0.01459178
v -0.05583724 0.04426692 0.01234672
v -0.05588926 0.04737734 0.01414277
v -0.05298886 0.04950187 0.01773803
v -0.04846307 0.05126436 0.02220163
v -0.05378984 0.04539982 0.01466787
v -0.05368936 0.04422023 0.01405189
v -0.05305660 0.04305851 0.01387587
v -0.04961590 0.04317401 0.01671982
v -0.04971638 0.04435360 0.01733580
v -0.05206111 0.04222595 0.01418697
v -0.05096963 0.04194561 0.01490184
v -0.05007463 0.04229263 0.01582893
v -0.05034914 0.04551531 0.01751183
v -0.05134463 0.04634788 0.01720072
v -0.05243611 0.04662821 0.01648585
v -0.05333111 0.04628120 0.01555877
v 0.02881411 0.06690977 0.01998310
v 0.02589729 0.06901170 0.01638783
v 0.03197424 0.06295841 0.02467266
v 0.02295518 0.06800105 0.01459178
v 0.01954008 0.06326196 0.01459178
v 0.02231514 0.05147927 0.02387644
v 0.03430148 0.06139003 0.02540000
v 0.05234176 -0.00919054 0.02540000
v 0.05373838 -0.00383789 0.02540000
v 0.02528386 0.04701007 0.02540000
v 0.00635774 0.07007492 0.02540000
v 0.02018703 0.05001737 0.02540000
v 0.05169906 0.01271163 0.02540000
v 0.00367119 0.05314930 0.02540000
v -0.02270260 0.06664323 0.02540000
v -0.00191077 0.05394462 0.02540000
v 0.05629689 0.04209024 0.02540000
v 0.04329349 0.03451523 0.02540000
v 0.04343599 0.03330793 0.02540000
v 0.04182028 0.03282215 0.02540000
v 0.06891603 -0.01374719 0.02540000
v 0.05434630 -0.00965584 0.02542668
v 0.05064482 0.01839195 0.02540000
v 0.02600280 0.04851447 0.02540000
v 0.03877702 0.03744166 0.02540000
v 0.02550332 0.04918095 0.02540000
v 0.05321193 -0.00996964 0.02540000
v -0.02369548 0.04854435 0.02540000
v -0.01805018 0.05031976 0.02540000
v 0.02602522 0.04839828 0.02222500
v 0.02512639 0.04697806 0.02222500
v 0.02018703 0.05001737 0.02222500
v 0.05427766 -0.00973168 0.02225618
v 0.06968849 -0.01104920 0.02467266
v 0.07246992 -0.00682270 0.01998310
v 0.07356763 -0.00339911 0.01638783
v 0.07169729 -0.00091330 0.01459178
v 0.06613482 0.00087020 0.01459178
v 0.05557346 -0.00579065 0.02418751
v 0.05311729 -0.00994236 0.02222500
v 0.05232044 -0.00908553 0.02222500
v 0.05373838 -0.00383789 0.02222500
v 0.06847777 0.01625146 0.02220163
v 0.05064482 0.01839195 0.02222500
v 0.05160339 0.01280154 0.02222500
v 0.06005458 0.02773509 0.01459178
v 0.06029793 0.02550326 0.01234672
v 0.06897096 0.02328400 0.01998310
v 0.06858127 0.02685809 0.01638783
v 0.06586156 0.02836824 0.01459178
v 0.06610490 0.02613641 0.01234672
v 0.06399378 0.02437047 0.01387343
v 0.06148524 0.02236311 0.01559706
v 0.06179890 0.02329987 0.01469982
v 0.06271710 0.02403461 0.01406892
v 0.06921431 0.02105216 0.01773803
v 0.06662481 0.02272877 0.01579063
v 0.06882461 0.02462625 0.01414277
v 0.06624991 0.02361654 0.01486746
v 0.06528688 0.02421744 0.01416571
v 0.06186015 0.02147534 0.01652024
v 0.06282318 0.02087443 0.01722198
v 0.06411627 0.02072141 0.01751427
v 0.06539296 0.02105726 0.01731877
v 0.06631115 0.02179201 0.01668788
v -0.04280576 0.02718290 0.02222500
v -0.04408250 0.02679445 0.02222500
v -0.02369548 0.04854435 0.02222500
v -0.00191077 0.05394462 0.02222500
v 0.00383775 0.05317710 0.02222500
v -0.01813176 0.05018132 0.02222500
v -0.04529592 0.02451976 0.02222500
v -0.04490747 0.02324302 0.02222500
v -0.04393269 0.02233156 0.02222500
v 0.04479396 0.02339283 0.02222500
v 0.04509592 0.02469274 0.02222500
v 0.04260577 0.02202960 0.02222500
v 0.04388250 0.02241805 0.02222500
v -0.04135605 0.02241805 0.02222500
v 0.04024459 0.02581967 0.02222500
v 0.03994263 0.02451976 0.02222500
v -0.00228820 -0.05057573 0.02222500
v -0.00267665 -0.04929899 0.02222500
v 0.04033108 0.02324302 0.02222500
v 0.00111342 -0.04693781 0.02222500
v 0.00208820 -0.04784927 0.02222500
v -0.00131342 -0.05148719 0.02222500
v 0.03877702 0.03744166 0.02222500
v -0.04053108 0.02596948 0.02222500
v -0.04150585 0.02688094 0.02222500
v -0.04499396 0.02581967 0.02222500
v -0.04263278 0.02202960 0.02222500
v -0.00001351 -0.05178915 0.02222500
v 0.00126323 -0.05140070 0.02222500
v 0.00217469 -0.05042592 0.02222500
v 0.00247665 -0.04912601 0.02222500
v 0.04373270 0.02688094 0.02222500
v 0.04470747 0.02596948 0.02222500
v 0.04172798 0.03287657 0.02222500
v -0.04044459 0.02339283 0.02222500
v -0.04014263 0.02469274 0.02222500
v 0.04243279 0.02718290 0.02222500
v 0.04115605 0.02679445 0.02222500
v 0.04130585 0.02233156 0.02222500
v -0.00237469 -0.04799908 0.02222500
v -0.00146323 -0.04702430 0.02222500
v -0.00018649 -0.04663585 0.02222500
v 0.04334358 0.03316211 0.02222500
v 0.05593885 0.04273954 0.02220163
v 0.04329349 0.03451523 0.02222500
v 0.04246924 0.03593076 0.02158027
v 0.05284937 0.05053136 0.01414277
v 0.05048625 0.04869187 0.01454274
v 0.04975056 0.05080476 0.01234672
v 0.04927336 0.04862481 0.01399016
v 0.04470314 0.04786443 0.01234672
v 0.04807786 0.04803957 0.01389408
v 0.04728500 0.04515911 0.01598394
v 0.04692988 0.04603865 0.01504519
v 0.04722009 0.04709297 0.01428025
v 0.05145646 0.04628891 0.01710744
v 0.05465908 0.04742478 0.01773803
v 0.05174667 0.04734323 0.01634250
v 0.05139155 0.04822278 0.01540376
v 0.04819030 0.04469002 0.01684495
v 0.04940319 0.04475707 0.01739753
v 0.05059869 0.04534231 0.01749361
v 0.04357306 0.04980434 0.01459178
v 0.04132067 0.03790321 0.02386702
v 0.04862048 0.05274466 0.01459178
v 0.05171929 0.05247127 0.01638783
v 0.05480878 0.04446959 0.02467266
v 0.05352901 0.04936469 0.01998310
v -0.00788885 0.06578102 0.01459178
v 0.00359379 0.07056114 0.02467266
v -0.00090030 0.07288554 0.01998310
v -0.00441988 0.07361937 0.01638783
v -0.00669656 0.07149944 0.01459178
v -0.03397102 0.05692594 0.01459178
v -0.03520770 0.06263493 0.01459178
v -0.03399010 0.06549759 0.01638783
v -0.03047633 0.06625874 0.01998310
v -0.02542535 0.06596322 0.02467266
v 0.01889929 -0.06783649 0.01159131
v 0.02071513 -0.06659327 0.00973348
v 0.01910469 -0.06607300 0.01137906
v 0.01891453 -0.06430457 0.01156235
v 0.01379141 -0.07144187 0.01671315
v 0.01549619 -0.07407980 0.01495509
v 0.01503897 -0.07173719 0.01546675
v 0.01628893 -0.07147311 0.01421577
v 0.01508828 -0.06030768 0.01537305
v 0.01633583 -0.06060301 0.01412665
v 0.01557907 -0.05798291 0.01477372
v 0.01331508 -0.05835265 0.01707370
v 0.01383831 -0.06057176 0.01662403
v 0.01270829 -0.06136938 0.01775715
v 0.01834741 -0.06270429 0.01212325
v 0.01938358 -0.06088782 0.01101288
v 0.01745885 -0.06142883 0.01300685
v 0.01780890 -0.05902711 0.01258179
v 0.01741896 -0.07067549 0.01308266
v 0.01944784 -0.07109810 0.01098816
v 0.01831843 -0.06942239 0.01217833
v 0.01180882 -0.06262248 0.01866147
v 0.00951638 -0.06391226 0.02089972
v 0.01122796 -0.06420839 0.01924849
v 0.01102255 -0.06597187 0.01946075
v 0.02040781 -0.06346225 0.01000210
v 0.01793222 -0.07293940 0.01251251
v 0.01266840 -0.07061605 0.01783296
v 0.01245446 -0.07324298 0.01797953
v 0.01109378 -0.06014843 0.01930510
v 0.01121272 -0.06774031 0.01927745
v 0.01055386 -0.07096623 0.01990233
v 0.01177984 -0.06934058 0.01871655
v 0.00946020 -0.06777139 0.02094810
v 0.02028741 -0.06889906 0.00996440
v -0.01951009 -0.06609046 -0.01107213
v -0.02110389 -0.06569617 -0.00941576
v -0.01930468 -0.06432699 -0.01128438
v -0.02063638 -0.06287479 -0.00988804
v -0.01872382 -0.06274107 -0.01187140
v -0.01549367 -0.07185578 -0.01506612
v -0.01611798 -0.07415903 -0.01433336
v -0.01674123 -0.07156046 -0.01381972
v -0.01875036 -0.07272366 -0.01174485
v -0.01786425 -0.07073464 -0.01269992
v -0.01782435 -0.06148797 -0.01277573
v -0.01750711 -0.05864035 -0.01306685
v -0.01669433 -0.06069035 -0.01390884
v -0.01544436 -0.06042628 -0.01515982
v -0.01931523 -0.06020976 -0.01117519
v -0.01875280 -0.06945917 -0.01181632
v -0.02069056 -0.06930715 -0.00981886
v -0.01931992 -0.06785890 -0.01125542
v -0.01424371 -0.07159171 -0.01631710
v -0.01381510 -0.07384573 -0.01667126
v -0.01221421 -0.06954098 -0.01835454
v -0.01188402 -0.07258395 -0.01855341
v -0.01311368 -0.07079408 -0.01745021
v -0.01163335 -0.06795508 -0.01894156
v -0.00993714 -0.06836322 -0.02057618
v -0.01118574 -0.07150885 -0.01928892
v -0.01161811 -0.06442317 -0.01897052
v -0.00983506 -0.06466787 -0.02067592
v -0.01142795 -0.06619159 -0.01915381
v -0.01529333 -0.05811507 -0.01525612
v -0.01419681 -0.06072160 -0.01640622
v -0.01218523 -0.06282289 -0.01840962
v -0.01073584 -0.06157851 -0.01978186
v -0.01278317 -0.05900004 -0.01776734
v -0.01307379 -0.06154742 -0.01752602
v 0.01488150 -0.07292513 0.00731465
v 0.00886850 -0.07511831 0.00526417
v 0.00834313 -0.07530141 0.00903948
v 0.00653808 -0.07450918 0.01191747
v 0.00369682 -0.07316005 0.01257044
v 0.00151256 -0.07180580 0.01256280
v 0.00240955 -0.06901467 0.01515149
v 0.00195163 -0.06580745 0.01539425
v 0.00220025 -0.06342715 0.01506692
v 0.00290439 -0.06121296 0.01442371
v 0.00740741 -0.05860080 0.01474238
v 0.00740514 -0.05689141 0.00975078
v 0.00985851 -0.05697936 0.00765586
v 0.01235981 -0.07113623 0.00136301
v 0.01491318 -0.06789164 0.00244088
v 0.01496598 -0.06467795 0.00237557
v 0.01283028 -0.06172233 0.00125042
v 0.01464599 -0.05885762 0.00750481
v 0.00221513 -0.07530510 0.00644346
v 0.00842413 -0.07363430 0.00026460
v 0.00739007 -0.05996754 -0.00311462
v 0.00770896 -0.05781755 0.00091837
v 0.00139934 -0.05722652 0.00718903
v -0.00012093 -0.05849534 0.00875098
v -0.00612751 -0.06095439 0.00605831
v -0.00700466 -0.06412453 0.00694780
v -0.00710033 -0.06667726 0.00705334
v -0.00677604 -0.06919374 0.00673881
v -0.00520380 -0.07280915 0.00518051
v -0.00381210 -0.07444653 0.00379527
v -0.00036612 -0.07588954 0.00035495
v -0.00015751 -0.07539435 -0.00420396
v 0.00599087 -0.07044412 -0.00602307
v 0.00659928 -0.06803894 -0.00664086
v 0.00665602 -0.06463273 -0.00671084
v 0.00116262 -0.05646773 -0.00124912
v -0.00124616 -0.05637813 0.00115922
v -0.01231264 -0.07136119 -0.00072440
v -0.00956395 -0.07502125 -0.00455298
v -0.00076266 -0.07413581 -0.00792733
v 0.00057668 -0.07250980 -0.00930957
v 0.00170374 -0.06225703 -0.01043983
v 0.00011531 -0.05994677 -0.00999951
v -0.00099777 -0.05785298 -0.00779213
v -0.00887855 -0.05706579 -0.00424083
v -0.00882789 -0.05852726 0.00004057
v -0.01519385 -0.06263929 -0.00274052
v -0.01544430 -0.06586915 -0.00200203
v -0.01510313 -0.06904882 -0.00233089
v -0.01241047 -0.07351559 -0.00394094
v -0.00918146 -0.07535865 -0.00843061
v -0.00722838 -0.07475597 -0.01125920
v -0.00382301 -0.07074105 -0.01468012
v -0.00248367 -0.06796496 -0.01495444
v -0.00234259 -0.06478550 -0.01495253
v -0.00693481 -0.05777870 -0.01209376
v -0.00874446 -0.05686223 -0.00873678
v -0.01421559 -0.06012813 -0.00398875
v -0.00620595 -0.06125830 -0.01639838
v -0.01412145 -0.05829571 -0.00776554
v 0.01770240 -0.06468179 0.01277594
v 0.01857639 -0.06317189 0.01189609
v 0.01732215 -0.06364396 0.01315215
v 0.01796191 -0.06205109 0.01250621
v 0.01672698 -0.06283243 0.01374417
v 0.01600365 -0.06226666 0.01446530
v 0.01659170 -0.06071688 0.01387123
v 0.01562105 -0.06036428 0.01484050
v 0.01491481 -0.06203987 0.01555324
v 0.01461995 -0.06032087 0.01584142
v 0.01384860 -0.06241938 0.01662092
v 0.01333529 -0.06082845 0.01712805
v 0.01296737 -0.06334742 0.01750575
v 0.01466027 -0.06996741 0.01583858
v 0.01483787 -0.07174694 0.01566789
v 0.01575890 -0.06988956 0.01473965
v 0.01616464 -0.07154555 0.01434035
v 0.01675170 -0.06922298 0.01374427
v 0.01737213 -0.07074562 0.01312976
v 0.01748750 -0.06806914 0.01300399
v 0.01810951 -0.06979012 0.01238867
v 0.01868046 -0.06862871 0.01181321
v 0.01778839 -0.06698303 0.01269889
v 0.01907967 -0.06682900 0.01140702
v 0.01787936 -0.06582292 0.01260341
v 0.01904368 -0.06494190 0.01143568
v 0.01223794 -0.06189888 0.01822955
v 0.01144678 -0.06341618 0.01902660
v 0.01240527 -0.06468271 0.01807303
v 0.01104758 -0.06521586 0.01943278
v 0.01226016 -0.06583154 0.01822260
v 0.01233103 -0.06699508 0.01815626
v 0.01104674 -0.06663217 0.01943912
v 0.01126542 -0.06801517 0.01922582
v 0.01280510 -0.06840093 0.01768764
v 0.01193214 -0.06965309 0.01856546
v 0.01362302 -0.06944466 0.01687379
v 0.01353556 -0.07132800 0.01696857
v -0.01772753 -0.06851954 -0.01284524
v -0.01898178 -0.06899157 -0.01158916
v -0.01820161 -0.06711369 -0.01237662
v -0.01944907 -0.06722157 -0.01112875
v -0.01825968 -0.06555976 -0.01232458
v -0.01948506 -0.06533445 -0.01110009
v -0.01789289 -0.06409433 -0.01269706
v -0.01532021 -0.07012360 -0.01524631
v -0.01635807 -0.07173231 -0.01420221
v -0.01640905 -0.06989680 -0.01415836
v -0.01729585 -0.07123160 -0.01326637
v -0.01713237 -0.06933104 -0.01343724
v -0.01836730 -0.07011238 -0.01219928
v -0.01908585 -0.06353475 -0.01150628
v -0.01851491 -0.06237335 -0.01208174
v -0.01736136 -0.06320298 -0.01323205
v -0.01777751 -0.06141784 -0.01282284
v -0.01668406 -0.06253798 -0.01391194
v -0.01688376 -0.06078223 -0.01371905
v -0.01561783 -0.06215846 -0.01497962
v -0.01591269 -0.06043946 -0.01469145
v -0.01457997 -0.06054974 -0.01602372
v -0.01452896 -0.06238526 -0.01606760
v -0.01364218 -0.06105045 -0.01695957
v -0.01358323 -0.06318384 -0.01701023
v -0.01233753 -0.06251038 -0.01825853
v -0.01306731 -0.06409739 -0.01752260
v -0.01337275 -0.06881604 -0.01719883
v -0.01220321 -0.06955247 -0.01836550
v -0.01316053 -0.07086423 -0.01740309
v -0.01425399 -0.06974408 -0.01631400
v -0.01405427 -0.07149982 -0.01650689
v -0.01502532 -0.07184259 -0.01553451
v -0.01167081 -0.06414829 -0.01891889
v -0.01273642 -0.06516839 -0.01784933
v -0.01141569 -0.06600215 -0.01916681
v -0.01266555 -0.06633192 -0.01791567
v -0.01281066 -0.06748074 -0.01776610
v -0.01159981 -0.06787104 -0.01897544
v -0.03851621 -0.04905123 -0.01536012
v -0.03701907 -0.04722099 -0.01590788
v -0.03750031 -0.04996058 -0.01665642
v -0.03553016 -0.04913121 -0.01806137
v -0.03686824 -0.05132627 -0.01778547
v -0.04263280 -0.04974183 -0.01187140
v -0.04114168 -0.04681034 -0.01201272
v -0.04122946 -0.04893559 -0.01283055
v -0.03980584 -0.04869677 -0.01403704
v -0.04411824 -0.05890200 -0.01420528
v -0.04627042 -0.05977437 -0.01251628
v -0.04495362 -0.05774875 -0.01297584
v -0.04536514 -0.05620787 -0.01197800
v -0.04530821 -0.05444635 -0.01131987
v -0.04681922 -0.05358579 -0.00949432
v -0.04478900 -0.05265506 -0.01107279
v -0.04516850 -0.04995446 -0.00957835
v -0.04386378 -0.05102812 -0.01126352
v -0.04294954 -0.05954264 -0.01553308
v -0.04486810 -0.06116701 -0.01438455
v -0.04014113 -0.05907150 -0.01791316
v -0.04048233 -0.06143119 -0.01848932
v -0.04157415 -0.05960126 -0.01681536
v -0.04301458 -0.06191168 -0.01633290
v -0.03668850 -0.05300030 -0.01862490
v -0.03485633 -0.05227561 -0.01995470
v -0.03698055 -0.05480127 -0.01908377
v -0.03561703 -0.05613811 -0.02077274
v -0.03771275 -0.05653402 -0.01911233
v -0.03927860 -0.04647759 -0.01355246
v -0.04710928 -0.05676512 -0.01054359
v -0.03880576 -0.05801078 -0.01870751
v -0.03828959 -0.05999003 -0.01991428
v -0.03739952 -0.05923135 -0.02037092
v -0.04264765 -0.04748596 -0.01077643
v -0.00874731 -0.06531071 0.01190797
v -0.00707870 -0.06310360 0.01121275
v -0.00892705 -0.06363668 0.01274740
v -0.00955912 -0.06227098 0.01387645
v -0.01057502 -0.06136164 0.01517275
v -0.01025349 -0.05890554 0.01575682
v -0.01186465 -0.06100717 0.01649583
v -0.01318091 -0.05898479 0.01845746
v -0.01328827 -0.06124600 0.01770232
v -0.00903936 -0.06711168 0.01144910
v -0.00715243 -0.06614880 0.01006428
v -0.01086457 -0.07032118 0.01182537
v -0.00858561 -0.07012454 0.00970820
v -0.00977156 -0.06884443 0.01142054
v -0.01219994 -0.07138190 0.01261972
v -0.01363296 -0.07191166 0.01371751
v -0.01193817 -0.07345125 0.01148772
v -0.01617705 -0.07121240 0.01632759
v -0.01761824 -0.07302605 0.01686054
v -0.01500835 -0.07185305 0.01499979
v -0.01505065 -0.07419604 0.01399603
v -0.01469161 -0.06205224 0.01866147
v -0.01592773 -0.06073338 0.02025924
v -0.01592259 -0.06333852 0.01926935
v -0.01771446 -0.06298299 0.02098792
v -0.01684781 -0.06496546 0.01946009
v -0.00829760 -0.06036957 0.01342565
v -0.00941589 -0.07119775 0.01005795
v -0.01701243 -0.07005916 0.01755703
v -0.01736702 -0.06675675 0.01921300
v -0.01917665 -0.06983716 0.01956894
v -0.01742395 -0.06851828 0.01855487
v -0.01900636 -0.06600522 0.02091840
v -0.03121015 -0.06922031 0.00035494
v -0.02238484 -0.07244346 0.00853056
v -0.02397633 -0.07159761 0.01017286
v -0.02514703 -0.07018503 0.01174414
v -0.02588120 -0.06841013 0.01320114
v -0.02617591 -0.06626261 0.01426711
v -0.02605161 -0.06399897 0.01498717
v -0.01702364 -0.05516700 0.01117053
v -0.02064952 -0.05398390 0.00986892
v -0.02044845 -0.05641436 0.01414192
v -0.02433836 -0.05605855 0.01240817
v -0.02408678 -0.06072200 0.01603287
v -0.00765010 -0.06781074 0.00951492
v -0.01240355 -0.06352681 0.00244878
v -0.01209889 -0.06064700 0.00371868
v -0.01228521 -0.05842264 0.00586187
v -0.01241601 -0.05725358 0.00978831
v -0.01597088 -0.07052486 0.00327939
v -0.01799152 -0.07232964 0.00547677
v -0.02081226 -0.07268132 0.00669207
v -0.02164996 -0.07037527 -0.00018735
v -0.01737673 -0.06694772 -0.00157689
v -0.01821921 -0.06266845 -0.00452820
v -0.01715273 -0.05487339 0.00198390
v -0.01900798 -0.05331443 0.00431027
v -0.02842896 -0.05759361 0.01120624
v -0.02944746 -0.06967327 -0.00144072
v -0.02754011 -0.06955718 -0.00313937
v -0.03309176 -0.06763851 0.00271458
v -0.03424725 -0.06517481 0.00476533
v -0.03452166 -0.06291430 0.00592784
v -0.03434251 -0.06049623 0.00673881
v -0.02374460 -0.06742080 -0.00575139
v -0.02364285 -0.06400392 -0.00881516
v -0.01960612 -0.05852739 -0.00595288
v -0.01989612 -0.05547898 -0.00445841
v -0.02469592 -0.05098053 0.00174766
v -0.02790675 -0.05154932 0.00445661
v -0.03238919 -0.05235716 0.00388456
v -0.03529295 -0.05639466 0.00491395
v -0.02958632 -0.06687906 -0.00885911
v -0.02535990 -0.06115913 -0.01155976
v -0.02512083 -0.05136402 -0.00672681
v -0.02697554 -0.04980415 -0.00440064
v -0.03148417 -0.04849239 -0.00446533
v -0.03797111 -0.05192127 -0.00063000
v -0.03745853 -0.06555805 -0.01015365
v -0.03547571 -0.06552897 -0.01164951
v -0.03881173 -0.06528234 -0.00810969
v -0.04027556 -0.06416801 -0.00663854
v -0.04135327 -0.06264244 -0.00510685
v -0.04189503 -0.06071461 -0.00376440
v -0.04207485 -0.05851499 -0.00278249
v -0.04184557 -0.05463370 -0.00267505
v -0.03250086 -0.06398323 -0.01387951
v -0.02949182 -0.05842086 -0.01580319
v -0.02798806 -0.05512494 -0.01430675
v -0.02826090 -0.05224850 -0.01289733
v -0.03527313 -0.04824475 -0.00499712
v -0.03158372 -0.04929866 -0.01307843
v -0.03315878 -0.04790450 -0.01085363
v -0.04301532 -0.05761154 -0.01469429
v -0.04412863 -0.05891799 -0.01420222
v -0.04375028 -0.05671212 -0.01365909
v -0.04496684 -0.05776083 -0.01296862
v -0.04407296 -0.05542593 -0.01284523
v -0.04537975 -0.05621476 -0.01196740
v -0.04536690 -0.05489720 -0.01144793
v -0.04393424 -0.05394881 -0.01237662
v -0.04511773 -0.05353999 -0.01112875
v -0.04352572 -0.05285703 -0.01231027
v -0.04438306 -0.05180139 -0.01110009
v -0.04292588 -0.05186655 -0.01245984
v -0.03955836 -0.05047291 -0.01497963
v -0.03850767 -0.04903393 -0.01536096
v -0.03886235 -0.05092711 -0.01579969
v -0.03748835 -0.04994635 -0.01666164
v -0.03833428 -0.05163127 -0.01656685
v -0.03698573 -0.05094945 -0.01752602
v -0.03806388 -0.05257718 -0.01719567
v -0.03670480 -0.05212863 -0.01825854
v -0.03802294 -0.05364591 -0.01766403
v -0.04357995 -0.05066840 -0.01137822
v -0.04263818 -0.04972687 -0.01186044
v -0.04186928 -0.05087533 -0.01302711
v -0.04123011 -0.04891790 -0.01282283
v -0.04068676 -0.05038594 -0.01391195
v -0.03980167 -0.04867826 -0.01403340
v -0.03966044 -0.05702734 -0.01752887
v -0.04013810 -0.05908807 -0.01792261
v -0.04080193 -0.05778214 -0.01678860
v -0.04157596 -0.05961961 -0.01682111
v -0.04198001 -0.05798728 -0.01579322
v -0.04295599 -0.05956079 -0.01553450
v -0.03676192 -0.05389613 -0.01891889
v -0.03826930 -0.05476469 -0.01788965
v -0.03712467 -0.05524848 -0.01913219
v -0.03872930 -0.05583778 -0.01790136
v -0.03770150 -0.05654201 -0.01912585
v -0.03879821 -0.05802376 -0.01871965
v -0.01020912 -0.06670500 0.01268355
v -0.00873259 -0.06530675 0.01189610
v -0.01007040 -0.06522786 0.01315216
v -0.00891294 -0.06362706 0.01273837
v -0.01028404 -0.06424443 0.01374417
v -0.01071470 -0.06343339 0.01446528
v -0.00936166 -0.06257467 0.01357330
v -0.01171922 -0.06933773 0.01300399
v -0.01150521 -0.07092696 0.01216739
v -0.01056341 -0.06998540 0.01168515
v -0.01078810 -0.06814817 0.01263152
v -0.00976032 -0.06885243 0.01140702
v -0.00902563 -0.06711381 0.01143568
v -0.01507413 -0.06992195 0.01583858
v -0.01563570 -0.07161987 0.01566790
v -0.01431201 -0.07023964 0.01501306
v -0.01434165 -0.07197554 0.01434030
v -0.01345662 -0.07026786 0.01421890
v -0.01291325 -0.07173590 0.01312976
v -0.01256736 -0.06993583 0.01353898
v -0.01001472 -0.06173581 0.01450915
v -0.01161717 -0.06278332 0.01555324
v -0.01118737 -0.06109300 0.01584144
v -0.01245440 -0.06268107 0.01636063
v -0.01256740 -0.06103418 0.01712804
v -0.01334147 -0.06287167 0.01709555
v -0.01612042 -0.06700788 0.01797097
v -0.01738144 -0.06675768 0.01922582
v -0.01743856 -0.06852515 0.01856548
v -0.01607948 -0.06807662 0.01750260
v -0.01580908 -0.06902252 0.01687378
v -0.01715763 -0.06970435 0.01783296
v -0.01665503 -0.07070743 0.01696859
v -0.01400526 -0.06156572 0.01822955
v -0.01448295 -0.06362648 0.01783582
v -0.01534515 -0.06263003 0.01902658
v -0.01519957 -0.06449629 0.01814091
v -0.01644186 -0.06411178 0.01943278
v -0.01575454 -0.06551912 0.01823639
v -0.01701869 -0.06540531 0.01943912
v -0.03866902 -0.05075260 0.01866147
v -0.04109555 -0.04991196 0.02087504
v -0.04031675 -0.05142699 0.01926935
v -0.04182372 -0.05253695 0.01946009
v -0.03853612 -0.05986325 0.01182537
v -0.03578902 -0.06008446 0.00977291
v -0.03693696 -0.05895874 0.01142054
v -0.03556329 -0.05767361 0.01144910
v -0.04018748 -0.06028913 0.01261972
v -0.04014885 -0.06215337 0.01114953
v -0.03755446 -0.06127550 0.00994468
v -0.03705908 -0.05058685 0.01770232
v -0.03799287 -0.04864489 0.01966830
v -0.03456397 -0.05614712 0.01190797
v -0.03224933 -0.05510362 0.01108503
v -0.03404728 -0.05454471 0.01274740
v -0.03406923 -0.05304001 0.01387645
v -0.03462743 -0.05179607 0.01517275
v -0.03462613 -0.04891080 0.01725228
v -0.03566140 -0.05094771 0.01649583
v -0.03376986 -0.05806401 0.00985605
v -0.04171209 -0.06019022 0.01371751
v -0.04253753 -0.06223279 0.01260527
v -0.04375181 -0.05851664 0.01632759
v -0.04560203 -0.05996930 0.01642076
v -0.04294472 -0.05957725 0.01499979
v -0.04391722 -0.06170332 0.01399220
v -0.04328073 -0.05160168 0.02105448
v -0.04302662 -0.05396220 0.01921300
v -0.03197658 -0.05277845 0.01257650
v -0.03261373 -0.05067358 0.01458718
v -0.04404590 -0.05712332 0.01755703
v -0.04612558 -0.05717099 0.01886348
v -0.04504394 -0.05395258 0.02051201
v -0.04379511 -0.05554828 0.01855487
v -0.06354508 -0.03135138 -0.01131987
v -0.06311318 -0.02840646 -0.00937304
v -0.06234217 -0.02992613 -0.01107279
v -0.06083521 -0.02881617 -0.01126352
v -0.05958065 -0.02640358 -0.01020164
v -0.05918747 -0.02814178 -0.01187140
v -0.06427027 -0.03590582 -0.01420528
v -0.06655409 -0.03546658 -0.01230027
v -0.06456435 -0.03451250 -0.01297584
v -0.06431356 -0.03293746 -0.01197800
v -0.06645442 -0.03384754 -0.01112593
v -0.06547179 -0.03130320 -0.00992584
v -0.06346317 -0.03696643 -0.01553308
v -0.06601378 -0.03758632 -0.01417725
v -0.06070594 -0.03767831 -0.01791316
v -0.06201680 -0.03969989 -0.01846141
v -0.06223054 -0.03757941 -0.01681536
v -0.06426034 -0.03917123 -0.01656420
v -0.05905458 -0.03725243 -0.01870751
v -0.05938160 -0.03926916 -0.01991754
v -0.05508242 -0.03353630 -0.01862490
v -0.05338515 -0.03414209 -0.02013966
v -0.05608175 -0.03506279 -0.01908377
v -0.05539938 -0.03684127 -0.02077269
v -0.05745542 -0.03634791 -0.01911233
v -0.05456574 -0.03193389 -0.01778547
v -0.05252367 -0.03157516 -0.01882657
v -0.05514589 -0.02918525 -0.01536012
v -0.05305270 -0.02817383 -0.01595400
v -0.05458768 -0.03042918 -0.01665642
v -0.05232975 -0.03030907 -0.01794542
v -0.05617985 -0.02833689 -0.01403704
v -0.05438118 -0.02667546 -0.01386570
v -0.05678180 -0.02599767 -0.01188719
v -0.05757753 -0.02797603 -0.01283055
v -0.05743448 -0.03833459 -0.02053236
v -0.03623645 -0.05299958 0.00354748
v -0.03480501 -0.04894057 0.00585853
v -0.03581586 -0.04531214 0.00902963
v -0.03747204 -0.04490983 0.01347890
v -0.04260159 -0.04151662 0.01218135
v -0.03910715 -0.05550298 0.00230972
v -0.04575384 -0.05726426 0.00205007
v -0.04943461 -0.05756645 0.00863097
v -0.05181731 -0.05508314 0.00247055
v -0.04917631 -0.05560915 0.00030619
v -0.04465790 -0.05444323 -0.00186668
v -0.03905183 -0.04787934 -0.00191167
v -0.03785520 -0.04412913 0.00119975
v -0.04031864 -0.03994201 0.00595593
v -0.04281412 -0.03915847 0.00821308
v -0.05679579 -0.05043513 0.00054514
v -0.05266995 -0.05419609 0.00842061
v -0.05106674 -0.05453877 0.01215382
v -0.05790904 -0.04672184 0.00404306
v -0.05140659 -0.05164414 0.01343268
v -0.05750889 -0.04451182 0.00541075
v -0.05031881 -0.04883032 0.01478546
v -0.05657854 -0.04227789 0.00643981
v -0.04892001 -0.04682989 0.01524894
v -0.05449337 -0.03953299 0.00707138
v -0.04711448 -0.04513476 0.01536877
v -0.05246215 -0.03786819 0.00693927
v -0.04452292 -0.04334290 0.01455512
v -0.05022580 -0.03660737 0.00637004
v -0.04753976 -0.04882745 -0.00883432
v -0.04346485 -0.04810516 -0.00668800
v -0.04085503 -0.04302595 -0.00468049
v -0.04140792 -0.03836549 -0.00085764
v -0.06188653 -0.04388214 -0.00498148
v -0.05767482 -0.04862975 -0.00624036
v -0.05503429 -0.04915679 -0.00840503
v -0.05203293 -0.04863268 -0.01003390
v -0.04462885 -0.04202526 -0.01011641
v -0.04371031 -0.03767930 -0.00751535
v -0.04617193 -0.03349081 -0.00275943
v -0.05035930 -0.03090776 -0.00330203
v -0.04953976 -0.03309068 0.00093847
v -0.06192736 -0.04389788 -0.00887023
v -0.06326855 -0.04012891 -0.00487744
v -0.06267805 -0.03733752 -0.00320701
v -0.06154726 -0.03529353 -0.00237561
v -0.06004404 -0.03334712 -0.00202217
v -0.05744884 -0.03131255 -0.00225950
v -0.05454985 -0.03011521 -0.00326247
v -0.05233490 -0.04306611 -0.01549328
v -0.04960719 -0.04152961 -0.01493141
v -0.04817287 -0.03722667 -0.01469324
v -0.04770006 -0.03224985 -0.00950485
v -0.06164939 -0.04315821 -0.01263230
v -0.05921979 -0.04364473 -0.01462531
v -0.05645752 -0.04316385 -0.01612538
v -0.04221938 -0.05778634 0.01583859
v -0.04342298 -0.05910907 0.01566789
v -0.04165236 -0.05838656 0.01501306
v -0.04238553 -0.05996030 0.01434034
v -0.04088238 -0.05876026 0.01421888
v -0.04098312 -0.06032238 0.01312977
v -0.03960304 -0.05879416 0.01333405
v -0.03977962 -0.06023101 0.01238867
v -0.03853449 -0.05987817 0.01181321
v -0.03857571 -0.05846808 0.01288514
v -0.03758243 -0.05790921 0.01263152
v -0.03732210 -0.05922518 0.01148204
v -0.03620236 -0.05836568 0.01136606
v -0.03646651 -0.05682629 0.01268355
v -0.03843253 -0.05209865 0.01750575
v -0.03784414 -0.05058731 0.01822955
v -0.03950107 -0.05101463 0.01902659
v -0.03980096 -0.05257441 0.01807303
v -0.04110565 -0.05192221 0.01943279
v -0.04105017 -0.05348742 0.01823639
v -0.04215873 -0.05286928 0.01943912
v -0.04198994 -0.05469864 0.01797097
v -0.03559770 -0.05363188 0.01446529
v -0.03426776 -0.05236580 0.01450914
v -0.03615774 -0.05267095 0.01555325
v -0.03507759 -0.05130159 0.01584144
v -0.03715320 -0.05213254 0.01662092
v -0.03631436 -0.05068655 0.01712802
v -0.03527333 -0.05730847 0.01152465
v -0.03454891 -0.05614949 0.01189610
v -0.03573897 -0.05553329 0.01315216
v -0.03403048 -0.05454165 0.01273838
v -0.03553415 -0.05454798 0.01374417
v -0.03401236 -0.05339775 0.01357330
v -0.04304017 -0.05395718 0.01922582
v -0.04381125 -0.05554861 0.01856548
v -0.04238724 -0.05569164 0.01750260
v -0.04252495 -0.05666574 0.01687379
v -0.04406289 -0.05712898 0.01756426
v -0.04387567 -0.05819410 0.01664967
v -0.06250840 -0.03208783 -0.01256191
v -0.06400512 -0.03213250 -0.01158917
v -0.06328070 -0.03097352 -0.01121772
v -0.06156862 -0.03087659 -0.01229648
v -0.06235164 -0.02991628 -0.01105913
v -0.06064561 -0.03016793 -0.01239196
v -0.06123193 -0.02905680 -0.01117511
v -0.05963714 -0.02966478 -0.01269706
v -0.05667619 -0.03006013 -0.01497963
v -0.05513105 -0.02917291 -0.01536096
v -0.05611615 -0.03102108 -0.01606760
v -0.05467836 -0.03008788 -0.01634274
v -0.05449114 -0.03115300 -0.01725731
v -0.05607678 -0.03225826 -0.01701024
v -0.05474277 -0.03273336 -0.01825854
v -0.05656409 -0.03358334 -0.01766403
v -0.06001953 -0.02840381 -0.01150629
v -0.05836259 -0.02797649 -0.01230333
v -0.05828733 -0.02943952 -0.01343734
v -0.05720177 -0.02801744 -0.01311374
v -0.05739945 -0.02962620 -0.01417224
v -0.05616851 -0.02832168 -0.01403340
v -0.06239630 -0.03561103 -0.01524632
v -0.06394143 -0.03649826 -0.01486500
v -0.06295633 -0.03465008 -0.01415833
v -0.06439412 -0.03558328 -0.01388320
v -0.06458134 -0.03451817 -0.01296863
v -0.06299570 -0.03341291 -0.01321571
v -0.06442686 -0.03333909 -0.01219928
v -0.05551385 -0.03432480 -0.01891888
v -0.05724420 -0.03450518 -0.01788965
v -0.05672082 -0.03575486 -0.01916681
v -0.05810089 -0.03529840 -0.01790136
v -0.05823288 -0.03686857 -0.01897544
v -0.05909417 -0.03585726 -0.01764773
v -0.06012150 -0.03618334 -0.01719882
v -0.05946957 -0.03740652 -0.01854274
v -0.06070988 -0.03769468 -0.01792262
v -0.06140083 -0.03614943 -0.01631398
v -0.06223964 -0.03759544 -0.01682112
v -0.06319039 -0.03716514 -0.01586355
v -0.06506547 0.00004844 -0.01033150
v -0.06273273 -0.00062001 -0.01149897
v -0.06124938 -0.00156571 -0.01306685
v -0.06895381 -0.00196299 -0.01107213
v -0.06770492 -0.00002770 -0.00954099
v -0.06721317 -0.00161339 -0.01128438
v -0.06552538 -0.00167575 -0.01187140
v -0.07192363 -0.00372419 -0.01181632
v -0.07112794 -0.00108835 -0.00949794
v -0.07057693 -0.00269032 -0.01125542
v -0.07286210 -0.00496341 -0.01269992
v -0.07466727 -0.00412663 -0.01119126
v -0.07335149 -0.00264773 -0.01021643
v -0.06405567 -0.00214397 -0.01277573
v -0.06220583 -0.00535715 -0.01640622
v -0.06013169 -0.00616960 -0.01776734
v -0.06264419 -0.00668039 -0.01752602
v -0.06358266 -0.00791960 -0.01840962
v -0.06294788 -0.00297221 -0.01390884
v -0.06231047 -0.00407939 -0.01515982
v -0.07319582 -0.00756441 -0.01506612
v -0.07552556 -0.00625291 -0.01304536
v -0.07330046 -0.00628665 -0.01381972
v -0.06492936 -0.00895348 -0.01897052
v -0.06461108 -0.01072488 -0.02067592
v -0.06655248 -0.00968081 -0.01915381
v -0.06700051 -0.01150405 -0.02069893
v -0.06829312 -0.01003041 -0.01894156
v -0.06006570 -0.00350885 -0.01525614
v -0.07255841 -0.00867159 -0.01631710
v -0.07524379 -0.00878144 -0.01549973
v -0.06998090 -0.00996804 -0.01835454
v -0.07330687 -0.01086567 -0.01810790
v -0.07145062 -0.00949983 -0.01745021
v -0.06960350 -0.01184846 -0.02018313
v -0.06195129 -0.00891352 -0.01978186
v -0.05276258 -0.03308101 0.01537305
v -0.05080897 -0.03169137 0.01600539
v -0.05339999 -0.03197383 0.01662403
v -0.05272529 -0.02972866 0.01848563
v -0.05450777 -0.03114559 0.01775715
v -0.05403477 -0.03692123 0.01212325
v -0.05154806 -0.03687516 0.01133020
v -0.05309630 -0.03568201 0.01300685
v -0.05265793 -0.03435877 0.01412665
v -0.05037900 -0.03402193 0.01365199
v -0.05597749 -0.03067737 0.01866147
v -0.05650250 -0.02880587 0.02053975
v -0.05766528 -0.03061501 0.01924849
v -0.05940592 -0.03096461 0.01946075
v -0.05538147 -0.03795510 0.01156235
v -0.05411893 -0.03911501 0.01000210
v -0.05874522 -0.03903203 0.01159131
v -0.05700173 -0.04037482 0.00973348
v -0.05700458 -0.03868243 0.01137906
v -0.06043301 -0.03896966 0.01217833
v -0.06178340 -0.04054422 0.01105902
v -0.06301051 -0.03767321 0.01421577
v -0.06405497 -0.03965279 0.01250815
v -0.06190273 -0.03850145 0.01308266
v -0.06375257 -0.03528827 0.01671315
v -0.06588431 -0.03718297 0.01550258
v -0.06364793 -0.03656603 0.01546675
v -0.06556778 -0.03814952 0.01443687
v -0.06331420 -0.03396503 0.01783296
v -0.06562869 -0.03403015 0.01841519
v -0.06617162 -0.03627629 0.01638893
v -0.06102904 -0.03169194 0.01927745
v -0.06415585 -0.03193335 0.02000657
v -0.06237574 -0.03272581 0.01871655
v -0.06004538 -0.02941504 0.02106688
v -0.05932683 -0.04068056 0.00996441
v -0.06275620 -0.03052179 0.02061892
v -0.05603406 -0.02440211 0.01633490
v -0.06384119 -0.03583378 0.00434708
v -0.06963842 -0.02625318 0.01056783
v -0.06643686 -0.02763013 0.01586639
v -0.06356174 -0.02285392 0.01532749
v -0.06078616 -0.02016585 0.01376348
v -0.05325210 -0.02373393 0.01234359
v -0.05171982 -0.02537750 0.01012783
v -0.05087725 -0.02920068 0.00986877
v -0.06002945 -0.03525805 0.00244089
v -0.05590747 -0.03438751 0.00307524
v -0.05319833 -0.03166386 0.00371868
v -0.05166999 -0.03003695 0.00586182
v -0.05861652 -0.01734141 0.01032971
v -0.06786182 -0.02017716 0.01052728
v -0.06990348 -0.02240072 0.00905364
v -0.07104756 -0.02610856 0.00588953
v -0.07039723 -0.02839422 0.00351526
v -0.06868795 -0.03020512 0.00126065
v -0.06382664 -0.03157819 -0.00160055
v -0.05816808 -0.03044739 -0.00225922
v -0.05248639 -0.02465269 0.00143150
v -0.05218755 -0.02280881 0.00312607
v -0.05339269 -0.01839766 0.00333261
v -0.05518032 -0.02028472 0.01086041
v -0.06404845 -0.01344736 0.00701835
v -0.06647675 -0.01424743 0.00701775
v -0.06755358 -0.02728506 -0.00502930
v -0.06273869 -0.02739659 -0.00664085
v -0.05664646 -0.02466659 -0.00595288
v -0.05457510 -0.02241131 -0.00445838
v -0.05580631 -0.01449456 0.00344629
v -0.05809342 -0.01109179 0.00180569
v -0.06293536 -0.00903252 0.00215506
v -0.07019811 -0.00860171 -0.00060272
v -0.07171617 -0.01296606 0.00116457
v -0.07328279 -0.01534980 -0.00060959
v -0.07377093 -0.01783437 -0.00281706
v -0.07385346 -0.01745775 -0.00768991
v -0.07238971 -0.02110072 -0.00635141
v -0.07198069 -0.01930348 -0.01031818
v -0.06719159 -0.02119695 -0.01236797
v -0.06089416 -0.02217668 -0.01096824
v -0.05635480 -0.01418451 -0.01034230
v -0.05491076 -0.01453908 -0.00558472
v -0.05665974 -0.00961039 -0.00579438
v -0.06084533 -0.00696625 -0.00167203
v -0.06748694 -0.00576138 -0.00200204
v -0.07001748 -0.01862897 -0.01343302
v -0.06547511 -0.01873532 -0.01495444
v -0.05974276 -0.01668646 -0.01402064
v -0.05817036 -0.01453441 -0.01337948
v -0.05901107 -0.00625062 -0.00601788
v -0.06506952 -0.00320040 -0.00514798
v -0.07514340 -0.01069537 -0.00916301
v -0.06321514 -0.01561955 -0.01687812
v -0.05770779 -0.00845231 -0.01202726
v -0.07016420 -0.00392990 -0.01256190
v -0.07118604 -0.00309353 -0.01144793
v -0.07001071 -0.00237055 -0.01112875
v -0.06916794 -0.00336439 -0.01233629
v -0.06806269 -0.00298820 -0.01232458
v -0.06822708 -0.00175317 -0.01110009
v -0.06655564 -0.00288419 -0.01269706
v -0.06387661 -0.00498646 -0.01553166
v -0.06219966 -0.00460358 -0.01569237
v -0.06223505 -0.00563567 -0.01666164
v -0.06405323 -0.00613446 -0.01656685
v -0.06457525 -0.00696834 -0.01719567
v -0.06308055 -0.00735112 -0.01802666
v -0.06534208 -0.00771389 -0.01766404
v -0.06639209 -0.00157670 -0.01150628
v -0.06470457 -0.00186027 -0.01230333
v -0.06523091 -0.00322742 -0.01343733
v -0.06334745 -0.00257313 -0.01340483
v -0.06429014 -0.00396565 -0.01443272
v -0.06246774 -0.00363805 -0.01469144
v -0.07162967 -0.00665734 -0.01469428
v -0.07334550 -0.00670416 -0.01420221
v -0.07145306 -0.00550934 -0.01365909
v -0.07315909 -0.00565755 -0.01326637
v -0.07093104 -0.00467546 -0.01303027
v -0.07217378 -0.00396562 -0.01196741
v -0.06964946 -0.00864218 -0.01719882
v -0.07080171 -0.00978353 -0.01792261
v -0.07080439 -0.00809086 -0.01631399
v -0.07215884 -0.00907067 -0.01682111
v -0.07135581 -0.00743629 -0.01551981
v -0.07303856 -0.00800573 -0.01553448
v -0.06395661 -0.00828187 -0.01863678
v -0.06549559 -0.00927325 -0.01909719
v -0.06633835 -0.00827941 -0.01788965
v -0.06744361 -0.00865560 -0.01790136
v -0.06682382 -0.00976246 -0.01914652
v -0.06820283 -0.01003634 -0.01897544
v -0.06857832 -0.00876215 -0.01764773
v -0.06955140 -0.01002478 -0.01854274
v -0.05432871 -0.03398808 0.01500122
v -0.05261289 -0.03394127 0.01450913
v -0.05291985 -0.03263968 0.01584143
v -0.05474226 -0.03296726 0.01610016
v -0.05354591 -0.03182206 0.01681382
v -0.05568301 -0.03222904 0.01709554
v -0.05442660 -0.03116846 0.01771004
v -0.05579419 -0.03671551 0.01286884
v -0.05440869 -0.03728347 0.01189610
v -0.05502735 -0.03596996 0.01333720
v -0.05353266 -0.03635274 0.01250621
v -0.05450534 -0.03513608 0.01396603
v -0.05279930 -0.03498787 0.01357330
v -0.06029571 -0.03272818 0.01806386
v -0.06200180 -0.03236356 0.01894371
v -0.06116525 -0.03341053 0.01768765
v -0.06287785 -0.03329430 0.01833359
v -0.06175314 -0.03422734 0.01709563
v -0.06206769 -0.03509009 0.01637452
v -0.06361120 -0.03465917 0.01726650
v -0.05556320 -0.03076243 0.01845113
v -0.05700774 -0.03188581 0.01783581
v -0.05684419 -0.03057832 0.01902659
v -0.05813367 -0.03193527 0.01814091
v -0.05821737 -0.03068174 0.01935776
v -0.05926513 -0.03220726 0.01823639
v -0.05958989 -0.03101149 0.01947374
v -0.06086861 -0.03159943 0.01931515
v -0.05940276 -0.03776123 0.01300399
v -0.05956631 -0.03906872 0.01181322
v -0.05789570 -0.03765722 0.01263152
v -0.05773131 -0.03889225 0.01140702
v -0.05679045 -0.03728103 0.01264322
v -0.05594769 -0.03827487 0.01143568
v -0.06379762 -0.03570579 0.01633066
v -0.06194691 -0.03619574 0.01528655
v -0.06349064 -0.03700740 0.01499833
v -0.06146268 -0.03688632 0.01447917
v -0.06261092 -0.03807231 0.01371174
v -0.06072750 -0.03741800 0.01374428
v -0.06125381 -0.03878516 0.01261026
v -0.07294142 -0.01195008 0.01105903
v -0.07075270 -0.01307380 0.00996441
v -0.06850424 -0.01374021 0.00973348
v -0.06955083 -0.01180437 0.01159131
v -0.06781849 -0.01219298 0.01137906
v -0.06603986 -0.01218871 0.01156235
v -0.06362424 -0.00529775 0.01866147
v -0.06402518 -0.00313649 0.02070800
v -0.06514075 -0.00455430 0.01924849
v -0.06687310 -0.00416569 0.01946075
v -0.06166492 -0.00880121 0.01537305
v -0.05934907 -0.00868517 0.01566685
v -0.06179689 -0.00753049 0.01662403
v -0.05953034 -0.00721521 0.01708242
v -0.06247203 -0.00632328 0.01775715
v -0.07106734 -0.01106091 0.01217833
v -0.07289469 -0.00882818 0.01421577
v -0.07455190 -0.01026772 0.01253328
v -0.07221955 -0.01003539 0.01308266
v -0.06865171 -0.00416996 0.01927745
v -0.07008686 -0.00260520 0.02059029
v -0.07030250 -0.00456669 0.01871655
v -0.07336485 -0.00402888 0.01888213
v -0.07166387 -0.00531706 0.01783296
v -0.06108899 -0.00484524 0.01930510
v -0.06208903 -0.01001106 0.01412665
v -0.05987012 -0.01063026 0.01365199
v -0.06438907 -0.01179197 0.01212325
v -0.06209862 -0.01276133 0.01133019
v -0.06302771 -0.01104160 0.01300685
v -0.07260255 -0.00634761 0.01671315
v -0.07540423 -0.00776730 0.01495509
v -0.07302666 -0.00755746 0.01546675
v -0.06535826 -0.01376186 0.01000210
v -0.07521433 -0.00626630 0.01638892
v -0.06682701 -0.00248999 0.02106688
v -0.06995308 0.02282032 -0.01506612
v -0.07162850 0.02482866 -0.01316406
v -0.06952896 0.02403017 -0.01381972
v -0.06859028 0.02506071 -0.01269992
v -0.06722891 0.02581108 -0.01181632
v -0.06542992 0.02789541 -0.00949794
v -0.06557813 0.02620782 -0.01125542
v -0.06379951 0.02621209 -0.01107213
v -0.06982110 0.02154960 -0.01631710
v -0.07231900 0.02254150 -0.01549971
v -0.05939844 0.02405450 -0.01277573
v -0.05659958 0.02344135 -0.01306684
v -0.05872330 0.02284729 -0.01390884
v -0.05859133 0.02157657 -0.01515982
v -0.06187143 0.02747209 -0.00954099
v -0.06206716 0.02582348 -0.01128438
v -0.05942921 0.02646809 -0.01033150
v -0.06055065 0.02508002 -0.01187140
v -0.06943906 0.02683180 -0.01096085
v -0.06799375 0.01931686 -0.01835454
v -0.07139727 0.01984962 -0.01810791
v -0.06914597 0.02034239 -0.01745021
v -0.06296627 0.01818907 -0.01897052
v -0.06131549 0.01858580 -0.01840962
v -0.06022943 0.01701428 -0.01978187
v -0.05901544 0.02036672 -0.01640622
v -0.05745108 0.01878088 -0.01776734
v -0.05995412 0.01933617 -0.01752602
v -0.05630857 0.02118476 -0.01525613
v -0.06647725 0.01857341 -0.01894156
v -0.06841382 0.01744551 -0.02018313
v -0.06339601 0.01644136 -0.02067592
v -0.06474490 0.01818480 -0.01915381
v -0.06589577 0.01670142 -0.02069893
v -0.05757001 0.02490860 -0.01149898
v -0.07272717 -0.00854540 0.00619202
v -0.07501695 -0.00446104 0.00611081
v -0.07582316 -0.00239281 0.00744882
v -0.07404880 0.00210566 0.01291711
v -0.07104353 0.00358176 0.01514596
v -0.06737072 0.00493408 0.01532752
v -0.06496404 0.00472956 0.01529674
v -0.06267500 0.00406485 0.01493538
v -0.06007221 0.00260271 0.01374272
v -0.05780534 0.00215256 0.01027360
v -0.05759659 -0.00184365 0.01034388
v -0.05759726 -0.00340301 0.00819283
v -0.07060094 -0.00535336 0.00040610
v -0.06760777 -0.00812705 0.00230885
v -0.06441000 -0.00811864 0.00263911
v -0.06141105 -0.00600239 0.00190487
v -0.05968396 -0.00636366 0.00499194
v -0.07167757 0.00861830 0.00987191
v -0.07493738 0.00609341 0.00703164
v -0.07584674 0.00384706 0.00470546
v -0.07315784 -0.00175972 -0.00060233
v -0.05755728 -0.00073873 0.00198394
v -0.06009042 0.01236596 0.00605830
v -0.06315151 0.01356971 0.00694777
v -0.06653314 0.01398216 0.00701778
v -0.06902234 0.01371328 0.00649972
v -0.07319430 0.01190490 0.00428061
v -0.07529449 0.00577575 -0.00202906
v -0.07368108 0.00567647 -0.00632887
v -0.06926426 0.00070405 -0.00646786
v -0.06679058 0.00013880 -0.00678120
v -0.06340114 0.00014694 -0.00643190
v -0.05898097 0.00168329 -0.00445840
v -0.05607200 0.00582184 -0.00004803
v -0.05618593 0.00763825 0.00174767
v -0.05771907 0.01051617 0.00445661
v -0.07079841 0.01728378 0.00116461
v -0.07405938 0.01475973 -0.00167501
v -0.07496979 0.01251366 -0.00400107
v -0.07100960 0.00606183 -0.01002160
v -0.06126646 0.00733012 -0.01250246
v -0.05668195 0.00792389 -0.00672681
v -0.05593558 0.01469547 -0.00424083
v -0.05903179 0.02104057 -0.00386175
v -0.06227230 0.02129304 -0.00156867
v -0.06481453 0.02230306 -0.00205779
v -0.06732641 0.02259173 -0.00296827
v -0.07084246 0.02168507 -0.00469924
v -0.07399225 0.01603325 -0.01016440
v -0.07335345 0.01339468 -0.01164948
v -0.06744349 0.00947490 -0.01495444
v -0.06429619 0.00900226 -0.01495255
v -0.05906158 0.01034150 -0.01337948
v -0.05574714 0.01454083 -0.00873676
v -0.05685259 0.01854319 -0.00499711
v -0.07300577 0.02075215 -0.00916297
v -0.07051088 0.01357199 -0.01601877
v -0.05704474 0.01443979 -0.01379980
v -0.06666411 -0.01099863 0.01268355
v -0.06576099 -0.01216503 0.01161398
v -0.06521641 -0.01067410 0.01315216
v -0.06406237 -0.01167318 0.01227433
v -0.06434713 -0.01016702 0.01374417
v -0.06370885 -0.00950680 0.01446529
v -0.06222901 -0.01025361 0.01387124
v -0.07098272 -0.00685185 0.01637453
v -0.07281352 -0.00671071 0.01633065
v -0.07127491 -0.00763838 0.01556258
v -0.07306249 -0.00802464 0.01499834
v -0.07126440 -0.00846658 0.01473965
v -0.07269199 -0.00935527 0.01371176
v -0.07088101 -0.00926745 0.01398144
v -0.07022527 -0.00998450 0.01333405
v -0.07174212 -0.01055852 0.01261025
v -0.07069805 -0.01128743 0.01199013
v -0.06929553 -0.01052976 0.01288514
v -0.06947076 -0.01184652 0.01155744
v -0.06821557 -0.01089395 0.01263152
v -0.06763135 -0.01222498 0.01136606
v -0.06802747 -0.00536004 0.01815626
v -0.06893058 -0.00419364 0.01922582
v -0.06947517 -0.00568457 0.01768764
v -0.07062918 -0.00468548 0.01856549
v -0.07034446 -0.00619164 0.01709563
v -0.07221752 -0.00583039 0.01726650
v -0.06167625 -0.00900223 0.01517191
v -0.06336948 -0.00844763 0.01555325
v -0.06173785 -0.00766166 0.01649947
v -0.06353096 -0.00761978 0.01636063
v -0.06398632 -0.00683506 0.01709553
v -0.06220314 -0.00669022 0.01741913
v -0.06294946 -0.00580016 0.01822955
v -0.06505693 -0.00598268 0.01783581
v -0.06399354 -0.00507123 0.01884967
v -0.06522082 -0.00451215 0.01928237
v -0.06647600 -0.00546471 0.01820829
v -0.06706022 -0.00413369 0.01947374
v -0.06815340 0.02301195 -0.01469430
v -0.06973993 0.02366706 -0.01420222
v -0.06752510 0.02398887 -0.01365909
v -0.06914394 0.02454738 -0.01326637
v -0.06640159 0.02469321 -0.01284523
v -0.06755559 0.02569230 -0.01196738
v -0.06585699 0.02618414 -0.01130705
v -0.06495388 0.02501774 -0.01237661
v -0.06398664 0.02624409 -0.01105913
v -0.06340243 0.02491307 -0.01232458
v -0.06259866 0.02598708 -0.01117511
v -0.06198336 0.02439511 -0.01269706
v -0.06249081 0.01959627 -0.01752260
v -0.06268740 0.01821275 -0.01891889
v -0.06359053 0.01937914 -0.01784933
v -0.06455775 0.01815280 -0.01916681
v -0.06514198 0.01948383 -0.01790136
v -0.06639717 0.01853126 -0.01897544
v -0.06622194 0.01984802 -0.01764773
v -0.06039101 0.02138492 -0.01553166
v -0.05860266 0.02137554 -0.01536097
v -0.05915544 0.02012415 -0.01666165
v -0.06082696 0.02063934 -0.01631734
v -0.06152834 0.02001387 -0.01701024
v -0.06098879 0.01870460 -0.01825854
v -0.06130214 0.02552304 -0.01150628
v -0.05987586 0.02457762 -0.01230332
v -0.06115244 0.02377331 -0.01323205
v -0.06056188 0.02303019 -0.01391195
v -0.05912955 0.02368756 -0.01311374
v -0.05866427 0.02271612 -0.01403340
v -0.06032437 0.02220793 -0.01470613
v -0.06800634 0.01930713 -0.01836549
v -0.06715168 0.02039328 -0.01719883
v -0.06893990 0.02010768 -0.01766298
v -0.06780743 0.02111033 -0.01655143
v -0.06961840 0.02102250 -0.01682111
v -0.06819081 0.02191122 -0.01579321
v -0.06998891 0.02235314 -0.01553453
v -0.04952254 0.05065175 -0.01131987
v -0.04658829 0.05115101 -0.00937304
v -0.04779533 0.04994814 -0.01107279
v -0.04627402 0.04885792 -0.01126352
v -0.05126847 0.05089249 -0.01197800
v -0.05007213 0.05249905 -0.00992585
v -0.04486694 0.04333301 -0.01536012
v -0.04325819 0.04165482 -0.01595400
v -0.04587749 0.04241773 -0.01665642
v -0.04569387 0.04019383 -0.01843969
v -0.04730177 0.04193188 -0.01778547
v -0.04512345 0.04749924 -0.01187140
v -0.04232854 0.04587551 -0.01184254
v -0.04446832 0.04601931 -0.01283055
v -0.04437961 0.04457853 -0.01403704
v -0.04383338 0.04870498 -0.01011015
v -0.04898542 0.04192810 -0.01862490
v -0.05228022 0.04127486 -0.02080419
v -0.05074600 0.04240680 -0.01908377
v -0.05239272 0.04331612 -0.01911233
v -0.04228522 0.04352382 -0.01383501
v -0.05407817 0.04993404 -0.01420528
v -0.05436617 0.05224182 -0.01230028
v -0.05284392 0.05064429 -0.01297584
v -0.05273899 0.05269166 -0.01098325
v -0.04899421 0.04009502 -0.02011245
v -0.05483747 0.04883870 -0.01553308
v -0.05621520 0.05107290 -0.01417726
v -0.05466247 0.04599643 -0.01791316
v -0.05727514 0.04838424 -0.01708275
v -0.05503953 0.04747698 -0.01681536
v -0.05374713 0.04455750 -0.01870751
v -0.05649715 0.04541102 -0.01926815
v -0.05485527 0.04316495 -0.02038232
v -0.05807357 0.02100616 0.01966830
v -0.05504899 0.02885501 0.01455512
v -0.06023742 0.02356544 0.02087504
v -0.05755401 0.03076598 0.01536880
v -0.06251969 0.02512151 0.02105448
v -0.05972410 0.03195934 0.01524895
v -0.06205886 0.03267155 0.01478544
v -0.06530040 0.02607196 0.02051201
v -0.06803552 0.02630779 0.01928270
v -0.06925376 0.02590717 0.01840384
v -0.06683421 0.03372450 0.01008081
v -0.07116832 0.02479220 0.01644293
v -0.06908942 0.03085215 0.00985751
v -0.05395984 0.02666288 0.01388550
v -0.06436510 0.01371209 0.01021154
v -0.06019958 0.01850341 0.00301233
v -0.06110267 0.01364120 0.01176781
v -0.06014569 0.01400699 0.01257651
v -0.05502445 0.01940347 0.00676281
v -0.05834074 0.01526340 0.01458718
v -0.05345857 0.02117234 0.00907583
v -0.05728610 0.01772204 0.01725229
v -0.05339078 0.02327661 0.01251604
v -0.06348573 0.01897320 0.00267233
v -0.06814062 0.01521747 0.00968855
v -0.06742293 0.02095162 0.00333414
v -0.07083732 0.01772118 0.01051353
v -0.06937779 0.02440388 0.00397454
v -0.07209232 0.02006195 0.01190202
v -0.07022579 0.02701363 0.00581862
v -0.07234634 0.02251998 0.01396955
v -0.06994885 0.02949076 0.00794226
v -0.06364366 0.02396595 -0.00229022
v -0.05508437 0.02187176 0.00018400
v -0.05054131 0.02852290 0.00821308
v -0.06306763 0.03693507 0.00929363
v -0.06615326 0.03722739 -0.00069823
v -0.06642173 0.03465553 -0.00306362
v -0.06552394 0.03188927 -0.00501882
v -0.06357439 0.02928122 -0.00631448
v -0.05925120 0.02637711 -0.00668800
v -0.05597216 0.02547303 -0.00584424
v -0.05090073 0.02626696 -0.00263642
v -0.04935259 0.02743058 -0.00085764
v -0.04822383 0.02963814 0.00161905
v -0.04961496 0.03439197 0.00619091
v -0.05160495 0.03756569 0.00682063
v -0.05374646 0.03907212 0.00706459
v -0.05611539 0.04019578 0.00686345
v -0.05830384 0.04275576 0.00363263
v -0.06475288 0.03927652 0.00177590
v -0.05889679 0.03393957 -0.01298718
v -0.05075986 0.02943383 -0.00853085
v -0.04621355 0.03608293 -0.00050193
v -0.04640761 0.04062970 -0.00094894
v -0.06016168 0.04421856 -0.00036760
v -0.06081183 0.04556876 -0.00816274
v -0.06148625 0.04393243 -0.00988740
v -0.06158273 0.04212491 -0.01158191
v -0.06103856 0.04013255 -0.01296307
v -0.05992964 0.03824560 -0.01412812
v -0.05582163 0.03547575 -0.01558515
v -0.05325684 0.03382551 -0.01475390
v -0.05098666 0.03337973 -0.01383219
v -0.04638463 0.03450725 -0.01064588
v -0.04481692 0.03627485 -0.00833316
v -0.04405126 0.03957022 -0.00619336
v -0.04631653 0.04437020 -0.00332864
v -0.04827200 0.04533799 -0.00210471
v -0.05033872 0.04670534 -0.00202216
v -0.05340936 0.04777678 -0.00261718
v -0.05880740 0.04752629 -0.00660854
v -0.04785376 0.03571977 -0.01474648
v -0.06414904 0.01542676 0.01190797
v -0.06590962 0.01590547 0.01144910
v -0.06246539 0.01543054 0.01274740
v -0.06104111 0.01591639 0.01387645
v -0.06891075 0.01805617 0.01182537
v -0.06755634 0.01681478 0.01142054
v -0.06982608 0.01949509 0.01261972
v -0.06924178 0.02343270 0.01632759
v -0.07000108 0.02233737 0.01499979
v -0.07020315 0.02097564 0.01371751
v -0.06800754 0.02414295 0.01755703
v -0.06028707 0.02099790 0.01866147
v -0.06143764 0.02235658 0.01926935
v -0.06295895 0.02344680 0.01946009
v -0.06468616 0.02415041 0.01921300
v -0.06643208 0.02439115 0.01855487
v -0.05963194 0.01951797 0.01770232
v -0.06003055 0.01683167 0.01517275
v -0.05954323 0.01807719 0.01649583
v -0.04948801 0.04332272 -0.01766403
v -0.04986865 0.04209476 -0.01891889
v -0.05093037 0.04384221 -0.01792946
v -0.05160169 0.04280074 -0.01916681
v -0.05188958 0.04450106 -0.01783398
v -0.05276514 0.04360007 -0.01905083
v -0.05267974 0.04530469 -0.01752888
v -0.04720588 0.04801280 -0.01245984
v -0.04510800 0.04750302 -0.01186044
v -0.04652041 0.04715739 -0.01286188
v -0.04607952 0.04624212 -0.01343734
v -0.04445066 0.04601810 -0.01282283
v -0.04598270 0.04534002 -0.01417224
v -0.04436164 0.04457242 -0.01403342
v -0.04617189 0.04451807 -0.01497962
v -0.05321872 0.04824287 -0.01524632
v -0.05409298 0.04994605 -0.01420222
v -0.05247788 0.04907246 -0.01415835
v -0.05319045 0.05050785 -0.01326637
v -0.05131339 0.04949221 -0.01321570
v -0.05209693 0.05084410 -0.01243144
v -0.04990259 0.04943823 -0.01256190
v -0.05376083 0.04455135 -0.01871965
v -0.05467926 0.04599514 -0.01792262
v -0.05331108 0.04651882 -0.01678861
v -0.05505759 0.04748068 -0.01682112
v -0.05340791 0.04742093 -0.01605370
v -0.05485485 0.04884700 -0.01553451
v -0.04485063 0.04332270 -0.01536097
v -0.04669636 0.04387334 -0.01579969
v -0.04558092 0.04260944 -0.01634274
v -0.04745186 0.04342176 -0.01656685
v -0.04653604 0.04210225 -0.01725731
v -0.04842085 0.04325172 -0.01719567
v -0.04811680 0.04185320 -0.01825853
v -0.05040758 0.05084789 -0.01158916
v -0.04864105 0.05036757 -0.01112875
v -0.04846021 0.04891872 -0.01229648
v -0.04738873 0.04970785 -0.01107942
v -0.04626246 0.04886631 -0.01125051
v -0.04654301 0.04366282 0.01866147
v -0.04654646 0.04204438 0.01770232
v -0.04451752 0.04277007 0.01966830
v -0.04800323 0.03975245 0.01517275
v -0.04513390 0.03944956 0.01725228
v -0.04705143 0.04069207 0.01649583
v -0.04545334 0.04598820 0.02087504
v -0.04704148 0.04537202 0.01926935
v -0.04798783 0.04698676 0.01946009
v -0.05233708 0.04014414 0.01190797
v -0.05154124 0.03773311 0.01108503
v -0.05079745 0.03946279 0.01274740
v -0.04929870 0.03932733 0.01387645
v -0.04925732 0.03721880 0.01257650
v -0.04709737 0.03763245 0.01458719
v -0.05373322 0.04952934 0.01632759
v -0.05694062 0.04995825 0.01396955
v -0.05487239 0.04883753 0.01499979
v -0.05561085 0.04767572 0.01371751
v -0.04690539 0.04833802 0.02105448
v -0.04927953 0.04833205 0.01921300
v -0.05561764 0.04448298 0.01182537
v -0.05612479 0.04177404 0.00977291
v -0.05488524 0.04279803 0.01142054
v -0.05375074 0.04129755 0.01144910
v -0.04905911 0.05033731 0.02051201
v -0.05077660 0.04926212 0.01855487
v -0.05146183 0.05166523 0.01928271
v -0.05231680 0.04967617 0.01755703
v -0.05586858 0.04616981 0.01261972
v -0.05756283 0.04491131 0.01037493
v -0.05708332 0.04361979 0.01003776
v -0.05432647 0.03955474 0.00985606
v -0.05770833 0.04760938 0.01190201
v -0.05273771 0.05179475 0.01840384
v -0.05494024 0.05155488 0.01644293
v -0.02910151 0.06757192 -0.01420528
v -0.02903581 0.06982717 -0.01277938
v -0.02768508 0.06771874 -0.01297584
v -0.02614488 0.06730469 -0.01197800
v -0.03123686 0.06421239 -0.01791316
v -0.03263940 0.06726666 -0.01719724
v -0.03097913 0.06571830 -0.01681536
v -0.03024067 0.06688011 -0.01553308
v -0.03098593 0.06252556 -0.01870751
v -0.03025352 0.06084061 -0.01911233
v -0.03223151 0.06102745 -0.02053236
v -0.03295743 0.06306159 -0.01991754
v -0.03313493 0.06568381 -0.01847976
v -0.02191129 0.06170540 -0.01187140
v -0.01995515 0.06060828 -0.01084118
v -0.02191474 0.06008695 -0.01283055
v -0.02027849 0.05827757 -0.01253256
v -0.02241972 0.05873465 -0.01403704
v -0.03147186 0.06894963 -0.01520467
v -0.02770536 0.05818672 -0.01862490
v -0.02848525 0.05656207 -0.02013966
v -0.02911902 0.05934013 -0.01908377
v -0.03095909 0.05884740 -0.02077269
v -0.02337151 0.05779503 -0.01536012
v -0.02258443 0.05560759 -0.01595400
v -0.02466698 0.05736991 -0.01665642
v -0.02362368 0.05516336 -0.01697215
v -0.02616573 0.05750537 -0.01778547
v -0.02093538 0.05691926 -0.01383501
v -0.02464782 0.06637463 -0.01131987
v -0.02222603 0.06626388 -0.00929265
v -0.02335612 0.06502934 -0.01107279
v -0.02099361 0.06435026 -0.00950983
v -0.02240976 0.06341460 -0.01126352
v -0.02682618 0.06952894 -0.01112592
v -0.02439852 0.06828576 -0.00992584
v -0.02602242 0.05543699 -0.01882657
v -0.04318812 0.06217760 0.00177587
v -0.05193160 0.05536181 0.00948367
v -0.04875501 0.05677380 0.01149622
v -0.04747769 0.04134840 0.00301235
v -0.04497962 0.04014690 0.00471678
v -0.04429919 0.03907686 0.00905675
v -0.04083908 0.04069432 0.00947363
v -0.04085738 0.04186167 0.01347894
v -0.04054886 0.04433388 0.01562530
v -0.04964666 0.04263383 0.00272168
v -0.05122158 0.04459510 0.00230972
v -0.05241564 0.04676086 0.00254835
v -0.05344061 0.05189281 0.00483200
v -0.05289800 0.05380551 0.00632211
v -0.04260096 0.05935308 0.00929367
v -0.04341350 0.05504788 0.01478543
v -0.04106413 0.05148123 0.01615332
v -0.03731893 0.05558799 0.01132983
v -0.03902526 0.04817553 0.01500808
v -0.03446967 0.05162958 0.01015100
v -0.04838514 0.05844269 0.00295104
v -0.05006621 0.05158021 -0.00132202
v -0.03872206 0.04225965 0.00232187
v -0.03463202 0.04446006 0.00255841
v -0.03498036 0.04528232 0.00712656
v -0.03442844 0.04800484 0.00918064
v -0.04121402 0.06239859 0.00349896
v -0.03624271 0.06058837 0.00643984
v -0.03228736 0.05603363 0.00693922
v -0.04699160 0.05845152 -0.00235767
v -0.04688584 0.05649586 -0.00456464
v -0.04545634 0.05099960 -0.00665927
v -0.04340876 0.04815567 -0.00668802
v -0.04078098 0.04599601 -0.00584420
v -0.03790798 0.04479616 -0.00423562
v -0.03556917 0.06450099 0.00058222
v -0.03028779 0.06073420 0.00261696
v -0.02785975 0.05624841 0.00192496
v -0.04169437 0.06334627 -0.00504155
v -0.04111538 0.06234065 -0.00949479
v -0.04303780 0.05673193 -0.01003389
v -0.03169539 0.04740794 -0.00639338
v -0.02859152 0.04932028 -0.00275944
v -0.02576845 0.05236532 -0.00424786
v -0.02784155 0.05262783 0.00093849
v -0.03604183 0.06674399 -0.00676621
v -0.03228561 0.06736072 -0.00535063
v -0.02936796 0.06532914 -0.00261720
v -0.02566670 0.06101165 -0.00210471
v -0.03890964 0.06230318 -0.01319597
v -0.03806413 0.05628740 -0.01497562
v -0.03622722 0.05357700 -0.01493138
v -0.03359706 0.05164763 -0.01431376
v -0.03094399 0.05043284 -0.01269124
v -0.02596742 0.05157223 -0.00891130
v -0.02298224 0.06014410 -0.00538954
v -0.03565654 0.06680256 -0.01167362
v -0.03713638 0.06056068 -0.01612542
v -0.02398438 0.05620816 -0.00440737
v -0.04972759 0.04090929 0.01446526
v -0.04860741 0.03945431 0.01450915
v -0.04871336 0.04136582 0.01555325
v -0.04772829 0.03994221 0.01550668
v -0.04703749 0.04067921 0.01649948
v -0.04807384 0.04229956 0.01662093
v -0.04662691 0.04167500 0.01741913
v -0.04790641 0.04356834 0.01750575
v -0.04646485 0.04282520 0.01822956
v -0.04671662 0.04451769 0.01902658
v -0.04823652 0.04497899 0.01807303
v -0.04745150 0.04620836 0.01943278
v -0.04901395 0.04631678 0.01823639
v -0.04828332 0.04735467 0.01943912
v -0.05012032 0.04737803 0.01797097
v -0.05222897 0.04162260 0.01286884
v -0.05234101 0.04012942 0.01189610
v -0.05096209 0.04099946 0.01352264
v -0.05079618 0.03944577 0.01273837
v -0.04966042 0.03930817 0.01357330
v -0.05444289 0.04543229 0.01333405
v -0.05582194 0.04534065 0.01216738
v -0.05411277 0.04402165 0.01276678
v -0.05532178 0.04362566 0.01155744
v -0.05333535 0.04268385 0.01260341
v -0.05437222 0.04200547 0.01136606
v -0.05341791 0.04097101 0.01152465
v -0.05316712 0.04792896 0.01583858
v -0.05374187 0.04954633 0.01633066
v -0.05488490 0.04885218 0.01499835
v -0.05401018 0.04722020 0.01473964
v -0.05546902 0.04800411 0.01402598
v -0.05434880 0.04639941 0.01398144
v -0.05581848 0.04696456 0.01312977
v -0.04927313 0.04834501 0.01922582
v -0.05077526 0.04927821 0.01856547
v -0.05106634 0.04787695 0.01750260
v -0.05202071 0.04811573 0.01687379
v -0.05232067 0.04969366 0.01756424
v -0.02759726 0.05966518 -0.01766403
v -0.02770929 0.05817200 -0.01863678
v -0.02878619 0.05901359 -0.01900822
v -0.02844296 0.06043793 -0.01788965
v -0.02974050 0.06004805 -0.01916681
v -0.02914228 0.06137284 -0.01790136
v -0.03069006 0.06166824 -0.01897544
v -0.02970690 0.06277399 -0.01752888
v -0.02337895 0.06231180 -0.01269706
v -0.02199006 0.06213141 -0.01168320
v -0.02183313 0.06086777 -0.01230332
v -0.02329602 0.06094584 -0.01343733
v -0.02209173 0.05935676 -0.01340483
v -0.02370739 0.05982301 -0.01443271
v -0.02283268 0.05819102 -0.01469143
v -0.02431584 0.05926102 -0.01525565
v -0.03109579 0.06295438 -0.01854274
v -0.03125272 0.06421801 -0.01792263
v -0.02978984 0.06413994 -0.01678861
v -0.03099412 0.06572905 -0.01682110
v -0.02937846 0.06526279 -0.01579323
v -0.03025315 0.06689479 -0.01553447
v -0.02853540 0.06597152 -0.01469430
v -0.02397570 0.05749688 -0.01602373
v -0.02509587 0.05895187 -0.01606761
v -0.02502870 0.05735075 -0.01695957
v -0.02633038 0.05904204 -0.01701024
v -0.02616446 0.05748834 -0.01779451
v -0.02548860 0.06542062 -0.01256191
v -0.02464139 0.06638756 -0.01130704
v -0.02438222 0.06435936 -0.01229648
v -0.02334534 0.06503773 -0.01105913
v -0.02377393 0.06336734 -0.01239196
v -0.02239579 0.06341755 -0.01125051
v -0.02911015 0.06758891 -0.01420221
v -0.02768960 0.06614646 -0.01390860
v -0.02768891 0.06773624 -0.01296860
v -0.02675547 0.06604376 -0.01321570
v -0.02614352 0.06732078 -0.01196739
v 0.00673891 0.06460453 -0.01033150
v 0.00583029 0.06235443 -0.01149896
v 0.00473471 0.06097806 -0.01306685
v -0.00222792 0.06541011 -0.01897052
v -0.00402288 0.06527875 -0.02067592
v -0.00278160 0.06710036 -0.01915381
v -0.00469133 0.06891458 -0.02057618
v -0.00294734 0.06886801 -0.01894156
v -0.00134048 0.06396272 -0.01840962
v -0.00251199 0.06244400 -0.01978469
v 0.00106403 0.06232558 -0.01640622
v 0.00055216 0.06019004 -0.01729145
v -0.00020615 0.06289986 -0.01752602
v -0.00149873 0.06127134 -0.01901709
v -0.00270889 0.07054003 -0.01835454
v -0.00325396 0.07394160 -0.01810791
v -0.00208962 0.07195276 -0.01745021
v -0.00115012 0.07296790 -0.01631710
v -0.00457809 0.07111274 -0.01989508
v 0.00234572 0.06229609 -0.01515982
v 0.00248027 0.05992320 -0.01543634
v 0.00370382 0.07181945 -0.01181632
v 0.00624206 0.07075259 -0.00949794
v 0.00459126 0.07037206 -0.01125542
v 0.00514495 0.06868181 -0.01107213
v 0.00001763 0.07348609 -0.01506612
v 0.00140990 0.07570014 -0.01316409
v 0.00129932 0.07345659 -0.01381972
v 0.00256949 0.07288232 -0.01269992
v 0.00445296 0.06382941 -0.01277573
v 0.00351347 0.06281427 -0.01390884
v 0.00365436 0.07457519 -0.01116917
v 0.00442692 0.07372206 -0.01062290
v -0.00097867 0.07565005 -0.01549973
v 0.00507224 0.06524214 -0.01187140
v 0.00693909 0.06723746 -0.00954099
v 0.00531068 0.06691416 -0.01128438
v -0.02854145 0.06699251 0.01671315
v -0.02972376 0.06941661 0.01601053
v -0.02982315 0.06702200 0.01546675
v -0.03099089 0.06650381 0.01421577
v -0.02524951 0.06390797 0.01927745
v -0.02527575 0.06720038 0.01990233
v -0.02613695 0.06535536 0.01871655
v -0.02727128 0.06641822 0.01783296
v -0.02476853 0.05877805 0.01866147
v -0.02279434 0.06051627 0.02089972
v -0.02453009 0.06045007 0.01924849
v -0.02469582 0.06221772 0.01946075
v -0.02709411 0.06872683 0.01841520
v -0.02354175 0.06430274 0.02094810
v -0.03212168 0.06839290 0.01344644
v -0.03193039 0.06548867 0.01308266
v -0.03354440 0.06659812 0.01166982
v -0.03254967 0.06407594 0.01217833
v -0.02538781 0.05736532 0.01775715
v -0.02353500 0.05652550 0.01931462
v -0.02749505 0.05583199 0.01537305
v -0.02522888 0.05438796 0.01724239
v -0.02632731 0.05635018 0.01662403
v -0.03118125 0.05749862 0.01212325
v -0.03181711 0.05550642 0.01101287
v -0.03004692 0.05643577 0.01300685
v -0.02988997 0.05401376 0.01258179
v -0.02877674 0.05586148 0.01412665
v -0.03206869 0.05894602 0.01156235
v -0.03335421 0.05781163 0.01000210
v -0.02747236 0.05343697 0.01477215
v -0.03278811 0.06240392 0.01159131
v -0.03430579 0.06081035 0.00973348
v -0.03262237 0.06063627 0.01137906
v -0.03437946 0.06382151 0.01022152
v -0.03067015 0.06643189 0.00619199
v -0.02738274 0.07006560 0.00643541
v -0.02471503 0.07168262 0.00720201
v -0.02350398 0.07197634 0.00968576
v -0.02208433 0.07150084 0.01191746
v -0.02125286 0.06935836 0.01565700
v -0.01922554 0.06636343 0.01708431
v -0.01578894 0.06394285 0.01539425
v -0.01502213 0.06027177 0.01430130
v -0.01679725 0.05760070 0.01414189
v -0.01747700 0.05551424 0.01196009
v -0.01776610 0.05415216 0.00800809
v -0.03080234 0.06279877 0.00489021
v -0.02828408 0.06013217 0.00237560
v -0.02693854 0.05730163 0.00309140
v -0.02566226 0.05519931 0.00496945
v -0.02277776 0.05389763 0.00643708
v -0.01229412 0.06808682 0.01099967
v -0.01445553 0.07044546 0.01048912
v -0.01290722 0.07233783 0.00694010
v -0.02374731 0.07025295 0.00026462
v -0.02475894 0.06746574 -0.00131409
v -0.02495463 0.06422883 -0.00219063
v -0.01881996 0.05605967 -0.00228484
v -0.01672263 0.05421838 0.00369882
v -0.00687734 0.06087557 0.00605831
v -0.00667407 0.06332140 0.00677479
v -0.00690091 0.06584868 0.00708813
v -0.01316595 0.07411279 0.00271451
v -0.01561808 0.07428648 0.00035500
v -0.01784339 0.07329901 -0.00202895
v -0.02014629 0.06181569 -0.00671084
v -0.01872076 0.05881506 -0.00595287
v -0.01431135 0.05520532 -0.00240770
v -0.00963408 0.05601907 0.00233595
v -0.00790379 0.05804867 0.00445661
v -0.00349094 0.06915311 0.00244842
v -0.00457069 0.07134099 0.00181959
v -0.00618153 0.07379521 -0.00033755
v -0.01227484 0.07356142 -0.00956625
v -0.01583753 0.07078461 -0.00930955
v -0.01645120 0.06772649 -0.01055681
v -0.01358473 0.06639896 -0.01358222
v -0.01170719 0.05759998 -0.00916663
v -0.00763145 0.05608943 -0.00440057
v 0.00164056 0.06440866 -0.00274051
v 0.00121402 0.06762001 -0.00200203
v -0.00474489 0.07540207 -0.00602302
v -0.00633847 0.07562405 -0.00784578
v -0.00810218 0.07525168 -0.00949156
v -0.01137608 0.06383604 -0.01495253
v -0.00985275 0.06104247 -0.01441313
v -0.00578022 0.05758185 -0.01096290
v -0.00173871 0.05799853 -0.00800068
v -0.00047813 0.05919367 -0.00543973
v 0.00064442 0.06141166 -0.00348548
v 0.00204388 0.07168537 -0.00516227
v -0.00837517 0.07297089 -0.01465226
v -0.00095197 0.06569099 -0.01766403
v -0.00189059 0.06476219 -0.01877800
v -0.00248675 0.06600667 -0.01909719
v -0.00153105 0.06711050 -0.01792946
v -0.00283445 0.06737875 -0.01914652
v -0.00168327 0.06826418 -0.01783398
v -0.00296268 0.06877884 -0.01897544
v -0.00161477 0.06938910 -0.01752888
v -0.00272204 0.07054900 -0.01836549
v -0.00113494 0.07067072 -0.01678859
v -0.00205837 0.07203112 -0.01740309
v -0.00030243 0.07152914 -0.01579322
v -0.00104362 0.07306457 -0.01619255
v 0.00075602 0.07183372 -0.01469428
v 0.00401956 0.06676310 -0.01257821
v 0.00508539 0.06523318 -0.01186045
v 0.00378829 0.06571037 -0.01302712
v 0.00442172 0.06375106 -0.01282285
v 0.00311929 0.06461941 -0.01391192
v 0.00367966 0.06294353 -0.01371905
v 0.00215528 0.06402649 -0.01497960
v 0.00280107 0.06240636 -0.01469145
v 0.00181283 0.06224068 -0.01569237
v 0.00104306 0.06402194 -0.01606758
v 0.00079009 0.06238376 -0.01666163
v -0.00004807 0.06460644 -0.01701023
v -0.00112653 0.06368870 -0.01825853
v 0.00289633 0.07068717 -0.01284523
v 0.00448257 0.07062996 -0.01130705
v 0.00365233 0.06941061 -0.01237661
v 0.00511755 0.06886967 -0.01105913
v 0.00403221 0.06790274 -0.01232458
v 0.00532602 0.06700332 -0.01125051
v -0.00011278 0.07345688 -0.01519975
v 0.00088880 0.07354503 -0.01420222
v 0.00187929 0.07153805 -0.01365907
v 0.00191020 0.07325024 -0.01326637
v 0.00348989 0.07209346 -0.01196740
v -0.02823345 0.05748437 0.01500122
v -0.02768973 0.05578065 0.01517192
v -0.02717499 0.05778894 0.01610016
v -0.02643381 0.05625350 0.01649947
v -0.02634248 0.05864737 0.01709554
v -0.02541904 0.05728698 0.01771004
v -0.02475538 0.05876910 0.01867243
v -0.02586266 0.05992897 0.01783581
v -0.02451475 0.06053923 0.01928236
v -0.02580857 0.06143864 0.01820829
v -0.02472322 0.06240557 0.01947374
v -0.02618844 0.06294651 0.01815626
v -0.03112975 0.05990745 0.01268355
v -0.03195999 0.05868810 0.01161399
v -0.03037374 0.05863090 0.01315216
v -0.03096732 0.05722463 0.01227433
v -0.02935668 0.05778002 0.01396603
v -0.02905069 0.05591967 0.01387124
v -0.03145555 0.06292500 0.01300399
v -0.03273878 0.06322435 0.01181322
v -0.03150964 0.06141536 0.01263152
v -0.03275508 0.06138096 0.01140702
v -0.03246143 0.05999542 0.01140068
v -0.02908474 0.06536962 0.01583860
v -0.02895198 0.06708094 0.01633066
v -0.02995355 0.06699279 0.01533312
v -0.03014319 0.06506506 0.01473967
v -0.03088440 0.06660048 0.01434032
v -0.03097571 0.06420663 0.01374428
v -0.03166449 0.06585778 0.01342067
v -0.03228038 0.06487294 0.01261025
v -0.02535821 0.06416588 0.01922582
v -0.02694445 0.06422307 0.01768764
v -0.02635090 0.06562938 0.01856547
v -0.02796149 0.06507395 0.01687380
v -0.02793057 0.06678615 0.01726650
v -0.00403845 0.07407705 0.01128961
v -0.00585713 0.07133777 0.00979431
v -0.00661475 0.06946576 0.00973349
v 0.00291849 0.06861206 0.01927745
v 0.00273682 0.06684273 0.01946075
v 0.00463917 0.06827810 0.02094810
v -0.00241771 0.06214764 0.01537305
v -0.00254438 0.05983234 0.01566685
v -0.00114015 0.06214606 0.01662403
v -0.00106352 0.05985897 0.01708242
v 0.00013101 0.06269131 0.01775715
v 0.00127136 0.06373002 0.01866147
v 0.00378187 0.06451498 0.02089972
v 0.00216926 0.06516050 0.01924849
v -0.00357660 0.06269589 0.01412665
v -0.00442434 0.06055386 0.01365199
v 0.00116574 0.07276887 0.01671315
v 0.00209253 0.07172762 0.01783296
v 0.00319337 0.07376458 0.01841520
v 0.00423366 0.07163052 0.01990233
v 0.00269648 0.07029527 0.01871655
v 0.00145638 0.06116136 0.01930510
v -0.00510734 0.06516949 0.01212325
v -0.00631080 0.06299291 0.01133020
v -0.00450338 0.06373715 0.01300685
v -0.00532935 0.06685270 0.01156235
v -0.00696513 0.06633927 0.01000210
v 0.00107162 0.07546431 0.01601053
v 0.00000686 0.07331713 0.01546675
v -0.00127070 0.07331871 0.01421577
v -0.00254187 0.07277346 0.01308266
v -0.00368221 0.07173476 0.01217833
v -0.00458011 0.07030427 0.01159131
v -0.00514768 0.06862203 0.01137906
v -0.00153535 0.07550442 0.01344646
v 0.03273718 0.05663295 -0.01009040
v 0.03040576 0.05434468 -0.01163165
v 0.02911874 0.05373977 -0.01306684
v 0.02989694 0.06708504 -0.01506612
v 0.03219759 0.06844691 -0.01304537
v 0.03105583 0.06653678 -0.01381972
v 0.03198261 0.06549553 -0.01269992
v 0.02620787 0.06550266 -0.01835454
v 0.02709347 0.06883185 -0.01810792
v 0.02734822 0.06654137 -0.01745021
v 0.02861939 0.06708661 -0.01631710
v 0.02456074 0.06062061 -0.01897052
v 0.02287816 0.06074411 -0.02058811
v 0.02474241 0.06238994 -0.01915381
v 0.02309489 0.06277402 -0.02076159
v 0.02530997 0.06407218 -0.01894156
v 0.02986695 0.06946715 -0.01549972
v 0.02438725 0.06608991 -0.02019490
v 0.02631349 0.05646380 -0.01640622
v 0.02457281 0.05507377 -0.01776734
v 0.02538671 0.05750506 -0.01752602
v 0.02478275 0.05893740 -0.01840962
v 0.03262691 0.06061064 -0.01107213
v 0.03410390 0.05989360 -0.00941576
v 0.03205935 0.05892841 -0.01128438
v 0.03116145 0.05749792 -0.01187140
v 0.03258657 0.06406318 -0.01181632
v 0.03445037 0.06351160 -0.00981886
v 0.03280858 0.06237997 -0.01125542
v 0.03354217 0.06668147 -0.01133559
v 0.02310631 0.05802156 -0.01978187
v 0.02747238 0.05591554 -0.01515982
v 0.02684411 0.05368624 -0.01525613
v 0.03002110 0.05645921 -0.01277573
v 0.02874993 0.05591397 -0.01390884
v 0.00040787 0.07444637 0.00731463
v 0.00500029 0.07541315 0.00679048
v 0.00729733 0.07541133 0.00903954
v 0.01116240 0.07407500 0.00984662
v 0.00878651 0.07196566 0.01565697
v 0.01179426 0.06802830 0.01515148
v 0.01157534 0.06479596 0.01539425
v 0.00756891 0.06182110 0.01691131
v 0.00623673 0.05819557 0.01306613
v 0.00438719 0.05720863 0.00975087
v 0.00200580 0.05780471 0.00765585
v 0.00090536 0.07220300 0.00304945
v -0.00304408 0.06837388 0.00476357
v -0.00152854 0.06562253 0.00252856
v -0.00125124 0.06253951 0.00342930
v 0.00025430 0.05937838 0.00541740
v 0.01346522 0.05933106 0.01077479
v 0.01718320 0.06019737 0.00877485
v 0.01853966 0.06837136 0.00843435
v 0.01540220 0.07165195 0.00905357
v 0.00687150 0.07379749 0.00026466
v 0.00331836 0.06878524 -0.00219061
v 0.00329277 0.06003823 -0.00046699
v 0.01138964 0.05726191 0.00916523
v 0.02211482 0.06084501 0.00477374
v 0.02074973 0.06460768 0.00701776
v 0.01707401 0.07373637 0.00155604
v 0.01473647 0.07432485 -0.00085230
v 0.01289123 0.07396114 -0.00258428
v 0.00901033 0.07086349 -0.00575138
v 0.00672951 0.06462500 -0.00671083
v 0.00681132 0.06130398 -0.00595287
v 0.00846999 0.05718476 -0.00348836
v 0.01040526 0.05549630 -0.00124912
v 0.01274276 0.05490784 0.00115924
v 0.01458793 0.05527154 0.00289123
v 0.01851056 0.05576103 0.00228310
v 0.02447912 0.06850445 0.00116460
v 0.02319812 0.07105304 -0.00060963
v 0.01485540 0.07204343 -0.00810761
v 0.01184477 0.06701056 -0.01089887
v 0.01178202 0.05826863 -0.00913926
v 0.02417840 0.05609332 -0.00164016
v 0.02800177 0.05794028 -0.00326733
v 0.02860397 0.06123949 -0.00200205
v 0.02893132 0.06442062 -0.00233088
v 0.02595482 0.07115723 -0.00671314
v 0.02401039 0.07193208 -0.00910499
v 0.02195428 0.07145616 -0.01192203
v 0.01829000 0.06932154 -0.01387955
v 0.01556327 0.06290352 -0.01495255
v 0.01581864 0.05973187 -0.01441313
v 0.01723639 0.05674766 -0.01328933
v 0.01813149 0.05491399 -0.01096286
v 0.02005652 0.05373893 -0.00777339
v 0.02314714 0.05382204 -0.00690589
v 0.03036758 0.06739866 -0.00636460
v 0.01922718 0.06609748 -0.01700484
v -0.00242018 0.06395748 0.01500122
v -0.00323752 0.06244811 0.01450917
v -0.00195685 0.06206317 0.01584144
v -0.00160866 0.06380519 0.01582674
v -0.00076604 0.06395546 0.01662095
v -0.00059477 0.06229255 0.01712803
v 0.00028884 0.06467997 0.01750574
v 0.00070117 0.06311143 0.01822955
v 0.00153524 0.06407361 0.01884967
v 0.00092832 0.06554764 0.01795466
v 0.00221954 0.06523570 0.01928236
v 0.00140340 0.06658360 0.01820829
v 0.00278820 0.06702551 0.01947374
v 0.00166968 0.06811563 0.01815626
v -0.00404947 0.06659034 0.01286884
v -0.00533495 0.06657288 0.01161398
v -0.00502334 0.06483215 0.01227434
v -0.00378722 0.06555346 0.01333720
v -0.00332608 0.06468447 0.01396601
v -0.00405073 0.06313287 0.01357330
v -0.00269971 0.07078478 0.01333405
v -0.00420136 0.07103368 0.01181321
v -0.00352714 0.06959553 0.01276677
v -0.00496602 0.06935630 0.01140702
v -0.00400111 0.06812265 0.01260341
v -0.00526130 0.06797113 0.01140068
v 0.00049494 0.07121064 0.01637452
v 0.00020560 0.07328486 0.01566790
v -0.00025673 0.07158343 0.01556258
v -0.00108147 0.07165956 0.01473967
v -0.00113407 0.07336371 0.01434034
v -0.00191805 0.07136198 0.01398144
v -0.00248146 0.07283233 0.01312978
v -0.00340141 0.07205101 0.01238867
v 0.00292409 0.06889188 0.01922582
v 0.00149825 0.06958933 0.01768764
v 0.00261248 0.07063262 0.01856547
v 0.00108482 0.07050685 0.01709563
v 0.00139236 0.07260429 0.01696859
v 0.03100637 0.05963713 -0.01245984
v 0.03142533 0.05784151 -0.01168320
v 0.03017894 0.05844789 -0.01302712
v 0.03059126 0.05687935 -0.01230332
v 0.02939728 0.05787069 -0.01367451
v 0.02962806 0.05623016 -0.01311374
v 0.02856071 0.05757312 -0.01443272
v 0.02861331 0.05586896 -0.01403341
v 0.02773597 0.05764924 -0.01525565
v 0.02989941 0.06527519 -0.01469428
v 0.03071677 0.06678455 -0.01420221
v 0.03080531 0.06454822 -0.01365908
v 0.03152997 0.06609981 -0.01326637
v 0.03126645 0.06367921 -0.01303027
v 0.03234530 0.06478227 -0.01219928
v 0.03152870 0.06264234 -0.01256190
v 0.02727365 0.05594782 -0.01536096
v 0.02698429 0.05802204 -0.01606759
v 0.02608688 0.05662838 -0.01666165
v 0.02622524 0.05899981 -0.01701024
v 0.02502402 0.05821832 -0.01802666
v 0.02584062 0.06035824 -0.01766403
v 0.03271332 0.06355821 -0.01158916
v 0.03280848 0.06219479 -0.01121772
v 0.03148035 0.06111003 -0.01229648
v 0.03267829 0.06079340 -0.01105913
v 0.03210963 0.05900362 -0.01125051
v 0.02465600 0.05944236 -0.01863677
v 0.02456692 0.06127087 -0.01909719
v 0.02584899 0.06150379 -0.01788965
v 0.02607583 0.06264907 -0.01790136
v 0.02480737 0.06266575 -0.01914652
v 0.02525968 0.06399693 -0.01897544
v 0.02673928 0.06400622 -0.01752888
v 0.02619950 0.06551618 -0.01836550
v 0.02769886 0.06498183 -0.01678863
v 0.02709326 0.06636097 -0.01766298
v 0.02807400 0.06694012 -0.01682110
v 0.02880861 0.06542746 -0.01579321
v 0.02943612 0.06716951 -0.01553448
v 0.04814785 0.04458901 -0.01766404
v 0.04696640 0.04509590 -0.01891888
v 0.04881526 0.04596916 -0.01792946
v 0.04784967 0.04674567 -0.01916681
v 0.04957076 0.04685425 -0.01783398
v 0.04909713 0.04814941 -0.01897543
v 0.05045258 0.04755607 -0.01752888
v 0.04899002 0.04116610 -0.01497962
v 0.04766310 0.03997701 -0.01536095
v 0.04824242 0.04198960 -0.01606760
v 0.04703007 0.04077787 -0.01634274
v 0.04662549 0.04178078 -0.01725732
v 0.04794669 0.04319157 -0.01701024
v 0.04654305 0.04337894 -0.01825855
v 0.05343102 0.04778497 -0.01524631
v 0.05521624 0.04847642 -0.01420222
v 0.05401739 0.04719599 -0.01442625
v 0.05438752 0.04639741 -0.01365909
v 0.05568063 0.04752011 -0.01326637
v 0.05590073 0.04639743 -0.01243144
v 0.05443574 0.04507225 -0.01284523
v 0.05196845 0.04139500 -0.01269706
v 0.05222609 0.04001835 -0.01168320
v 0.05107277 0.03947860 -0.01230333
v 0.05069498 0.04089402 -0.01343733
v 0.04992880 0.03927732 -0.01311374
v 0.04978769 0.04089202 -0.01417224
v 0.04885488 0.03936008 -0.01403339
v 0.05057362 0.04915505 -0.01836550
v 0.05140652 0.04796476 -0.01699389
v 0.05211912 0.04965357 -0.01740311
v 0.05234538 0.04810464 -0.01631398
v 0.05356617 0.04959098 -0.01619253
v 0.05448055 0.04916174 -0.01519975
v 0.05572791 0.04471694 -0.01158916
v 0.05399294 0.04365624 -0.01237661
v 0.05506558 0.04301030 -0.01112875
v 0.05312655 0.04236497 -0.01232458
v 0.05427856 0.04183380 -0.01107942
v 0.05332389 0.04080165 -0.01125051
v 0.02936221 0.06185981 0.01806386
v 0.03068350 0.06170585 0.01922582
v 0.02966460 0.06292294 0.01768764
v 0.03103204 0.06299526 0.01875474
v 0.03112960 0.06424811 0.01810144
v 0.02961639 0.06424811 0.01687378
v 0.03090949 0.06537081 0.01726650
v 0.02924626 0.06504668 0.01610662
v 0.03044512 0.06632710 0.01633067
v 0.02865988 0.06563567 0.01528655
v 0.02970942 0.06701244 0.01533312
v 0.02879500 0.06744169 0.01434031
v 0.02757424 0.06595534 0.01421888
v 0.02772110 0.06752445 0.01342067
v 0.02663539 0.06581546 0.01353898
v 0.02657712 0.06732315 0.01261025
v 0.02568143 0.06540675 0.01300398
v 0.02624338 0.05883700 0.01730082
v 0.02707628 0.05764672 0.01867243
v 0.02719732 0.05924569 0.01783581
v 0.02819323 0.05837188 0.01915465
v 0.02807914 0.05994752 0.01814091
v 0.02921434 0.05931312 0.01943278
v 0.02883464 0.06083260 0.01823639
v 0.03004751 0.06045846 0.01943912
v 0.02379426 0.05937178 0.01500122
v 0.02243366 0.05832534 0.01450916
v 0.02316935 0.05764002 0.01550668
v 0.02447368 0.05890257 0.01582674
v 0.02408373 0.05721078 0.01649946
v 0.02530453 0.05869712 0.01662092
v 0.02553078 0.05714819 0.01771004
v 0.02337671 0.06243970 0.01286884
v 0.02192198 0.06208482 0.01189610
v 0.02319455 0.06138580 0.01333720
v 0.02174917 0.06040434 0.01273837
v 0.02326238 0.06040435 0.01396602
v 0.02196928 0.05928165 0.01357330
v 0.02504523 0.06656068 0.01181321
v 0.02452336 0.06443682 0.01263152
v 0.02366444 0.06533934 0.01140702
v 0.02385030 0.06348280 0.01264322
v 0.02258433 0.06379147 0.01143568
v 0.05184526 0.03981179 -0.01187140
v 0.04993830 0.03720191 -0.01184254
v 0.05030497 0.03931494 -0.01283055
v 0.04886280 0.03937732 -0.01403704
v 0.04670833 0.04423494 -0.01862490
v 0.04653610 0.04256012 -0.01778547
v 0.04463950 0.04114271 -0.01843969
v 0.04767505 0.03999217 -0.01536012
v 0.04583789 0.03856765 -0.01595400
v 0.04687041 0.04109286 -0.01665642
v 0.05331678 0.04081403 -0.01126352
v 0.05290956 0.03840275 -0.01011014
v 0.04492220 0.04447462 -0.02013967
v 0.04736844 0.04593584 -0.01908377
v 0.04633122 0.04753359 -0.02077269
v 0.04844491 0.04747849 -0.01911233
v 0.04759495 0.03740465 -0.01383501
v 0.05544033 0.04385725 -0.01131987
v 0.05563014 0.04088688 -0.00937304
v 0.05456004 0.04221305 -0.01107279
v 0.05520275 0.04846294 -0.01420528
v 0.05419279 0.04933257 -0.01553308
v 0.05578057 0.05114301 -0.01520465
v 0.05134779 0.04945563 -0.01791316
v 0.05439580 0.05178351 -0.01671331
v 0.05285964 0.04967587 -0.01681536
v 0.05586226 0.04556845 -0.01197800
v 0.05733496 0.04421072 -0.00992584
v 0.05736792 0.04909737 -0.01277938
v 0.05578010 0.04716121 -0.01297584
v 0.05780528 0.04684286 -0.01098325
v 0.04982106 0.04869572 -0.01870751
v 0.04972163 0.05073638 -0.01991754
v 0.05216065 0.05171550 -0.01847977
v 0.04801137 0.04941740 -0.02053236
v 0.02803074 0.05605837 0.02027493
v 0.03474473 0.05296364 0.01559647
v 0.03015186 0.05790712 0.02096820
v 0.03748405 0.05526209 0.01538200
v 0.03140854 0.05945184 0.02105448
v 0.03886902 0.05820435 0.01478546
v 0.03264443 0.06211796 0.02051201
v 0.03316487 0.06481344 0.01928271
v 0.03289378 0.06606690 0.01840384
v 0.03679350 0.06490957 0.01360488
v 0.03193939 0.06811922 0.01642078
v 0.03898293 0.06494030 0.00782928
v 0.02956466 0.05216905 0.01562527
v 0.03543587 0.04900245 0.01142287
v 0.02076190 0.06379553 0.00985606
v 0.02458414 0.05783623 0.00301237
v 0.01989010 0.06058370 0.01108503
v 0.02421344 0.05508910 0.00471672
v 0.02010674 0.05825263 0.01257650
v 0.02493835 0.05259534 0.00676283
v 0.02116760 0.05632623 0.01458719
v 0.02196746 0.05551588 0.01562652
v 0.02987391 0.04894474 0.00965422
v 0.02465180 0.05495050 0.01822344
v 0.02509966 0.06147981 0.00322428
v 0.02231683 0.06619160 0.00977291
v 0.02922595 0.06255538 0.00005290
v 0.02377609 0.06767362 0.01003777
v 0.02851192 0.06516454 0.00340672
v 0.02615126 0.06912179 0.01114953
v 0.03141161 0.06634741 0.00397462
v 0.02798095 0.06956323 0.01237428
v 0.03413473 0.06721406 0.00677783
v 0.02993087 0.06946506 0.01399221
v 0.03903471 0.06463209 0.00247056
v 0.02854844 0.05693536 -0.00241309
v 0.02982328 0.04796976 0.00473885
v 0.03528165 0.04578199 0.00608295
v 0.04087827 0.04856684 0.00899524
v 0.04321465 0.05876189 0.00929364
v 0.04270502 0.06151557 0.00727036
v 0.04434968 0.06146096 -0.00007653
v 0.04059569 0.06225605 -0.00358696
v 0.03845320 0.06173222 -0.00501879
v 0.03743016 0.05879191 -0.00849576
v 0.03326221 0.05754977 -0.00678513
v 0.03094554 0.05211083 -0.00548488
v 0.03082035 0.04980031 -0.00423559
v 0.03158782 0.04715636 -0.00206721
v 0.04561042 0.04728875 0.00488211
v 0.04573080 0.05150693 0.00686344
v 0.04850552 0.05341578 0.00363261
v 0.04610592 0.05953759 -0.00624030
v 0.03478625 0.05204640 -0.01016842
v 0.03689023 0.04287700 -0.00397658
v 0.03861147 0.04221522 -0.00215214
v 0.04137943 0.04264668 0.00093851
v 0.04410965 0.04338175 0.00162646
v 0.05015450 0.05511054 -0.00036763
v 0.04880033 0.05777462 -0.00188538
v 0.05156526 0.05561600 -0.00816276
v 0.04689516 0.05659140 -0.01256907
v 0.04418999 0.05550411 -0.01412814
v 0.04203949 0.05298525 -0.01549328
v 0.03969084 0.05091522 -0.01493140
v 0.03912936 0.04733004 -0.01473873
v 0.03829633 0.04565408 -0.01307300
v 0.03857730 0.04359571 -0.01171952
v 0.03937121 0.04195027 -0.01003566
v 0.04353817 0.03964962 -0.00648082
v 0.04606809 0.04004886 -0.00448435
v 0.04885809 0.04132541 -0.00332864
v 0.05179315 0.04418783 -0.00272879
v 0.05298739 0.04802329 -0.00261717
v 0.04264261 0.03968009 -0.01055542
v 0.05450605 0.05213911 -0.00821476
v 0.03066920 0.06170794 0.01921300
v 0.02978891 0.06006375 0.01946009
v 0.03109113 0.06341914 0.01855487
v 0.03100897 0.06501190 0.01755703
v 0.02707413 0.05766248 0.01866147
v 0.02854564 0.05866472 0.01926935
v 0.02553383 0.05716563 0.01770232
v 0.02290392 0.05784286 0.01517275
v 0.02409167 0.05722801 0.01649583
v 0.03043162 0.06631363 0.01632759
v 0.02209928 0.05894355 0.01387645
v 0.02193720 0.06208564 0.01190797
v 0.02176497 0.06041081 0.01274740
v 0.02504993 0.06654641 0.01182537
v 0.02367377 0.06532918 0.01142054
v 0.02259731 0.06378653 0.01144910
v 0.02657666 0.06730632 0.01261972
v 0.02942165 0.06718326 0.01499979
v 0.02808851 0.06752656 0.01371751
v 0.04817825 0.04162458 0.01866147
v 0.04839970 0.03977007 0.02027493
v 0.04993019 0.04194166 0.01926935
v 0.05108939 0.04059624 0.02096820
v 0.05163500 0.04271405 0.01946009
v 0.04656903 0.04179718 0.01770232
v 0.04587367 0.03992582 0.01891853
v 0.05164629 0.05063701 0.01261972
v 0.05311701 0.05022328 0.01371751
v 0.05434913 0.05206421 0.01263545
v 0.05476421 0.04816219 0.01632759
v 0.05598702 0.05078844 0.01462098
v 0.05419527 0.04936743 0.01499979
v 0.05476218 0.04673817 0.01755703
v 0.05691315 0.04693533 0.01840384
v 0.05690483 0.04915087 0.01644294
v 0.05310794 0.04385805 0.01921300
v 0.05507918 0.04342923 0.02051201
v 0.05418940 0.04524969 0.01855487
v 0.05665097 0.04567998 0.01928271
v 0.04528449 0.04775471 0.01190797
v 0.04254183 0.04660041 0.01147985
v 0.04444594 0.04629474 0.01274740
v 0.04415456 0.04481835 0.01387645
v 0.04994247 0.05056378 0.01182537
v 0.04709903 0.05131617 0.00968855
v 0.04819020 0.05001151 0.01142054
v 0.04657935 0.04904007 0.01144910
v 0.05286571 0.04149628 0.02105449
v 0.04444193 0.04348555 0.01517275
v 0.04380206 0.04068161 0.01719869
v 0.04527692 0.04244075 0.01649583
v 0.04390756 0.04879916 0.01021154
v 0.05327030 0.05231621 0.01190201
v 0.05061565 0.05239972 0.01051354
v 0.04205325 0.04499760 0.01257650
v 0.04223886 0.04280625 0.01458719
v 0.06354727 0.01524184 -0.01187140
v 0.06086847 0.01359426 -0.01177092
v 0.06193805 0.01541444 -0.01283055
v 0.06064594 0.01605800 -0.01403704
v 0.06847697 0.01747530 -0.01131987
v 0.06933300 0.01597477 -0.00944548
v 0.06700402 0.01633130 -0.01107279
v 0.06675728 0.01438503 -0.00945011
v 0.06529921 0.01555891 -0.01126352
v 0.06605067 0.02608570 -0.01991754
v 0.06701531 0.02425426 -0.01791316
v 0.06531150 0.02418103 -0.01870751
v 0.06355922 0.02362876 -0.01911233
v 0.06395180 0.02557638 -0.02053236
v 0.05981096 0.01710280 -0.01536012
v 0.05755323 0.01654868 -0.01595400
v 0.05952358 0.01843561 -0.01665642
v 0.05750581 0.01938854 -0.01843969
v 0.05981496 0.01991199 -0.01778547
v 0.06398749 0.01353303 -0.01007648
v 0.06955843 0.01886695 -0.01197800
v 0.07035156 0.01702760 -0.00992584
v 0.07013323 0.02177944 -0.01420528
v 0.07227582 0.02087498 -0.01230028
v 0.07013121 0.02035543 -0.01297584
v 0.07184170 0.01931203 -0.01112592
v 0.06871784 0.02595912 -0.01846141
v 0.06848603 0.02384054 -0.01681536
v 0.07080245 0.02497555 -0.01656418
v 0.06956429 0.02298468 -0.01553308
v 0.06065351 0.02137197 -0.01862490
v 0.05911929 0.02231741 -0.02013966
v 0.06194837 0.02265732 -0.01908377
v 0.06165068 0.02453882 -0.02077269
v 0.05868534 0.01477156 -0.01383501
v 0.07218803 0.02306073 -0.01417725
v 0.05236368 0.03315968 0.01455509
v 0.05452931 0.03402116 0.01522209
v 0.05737428 0.03356825 0.01399713
v 0.05781915 0.03935594 0.01676958
v 0.06144869 0.04245390 0.01149615
v 0.06111350 0.04432046 0.00985741
v 0.04880723 0.03394511 0.01400929
v 0.04597421 0.04279608 0.00301236
v 0.04451819 0.04043723 0.00471673
v 0.04416613 0.03786420 0.00676280
v 0.04462980 0.03626217 0.00947360
v 0.04666953 0.03400135 0.01136069
v 0.04802416 0.04540705 0.00267231
v 0.05108090 0.04690900 0.00242807
v 0.05416994 0.04772934 0.00327407
v 0.05640266 0.04767969 0.00436298
v 0.06036420 0.04574547 0.00794221
v 0.06079598 0.04377201 0.00133740
v 0.04772608 0.02969550 0.00255840
v 0.05227193 0.02712864 0.00706454
v 0.06044816 0.03224254 0.01112466
v 0.06263154 0.03471199 0.01008995
v 0.06503062 0.03383118 0.00642637
v 0.06584292 0.03754526 0.00054517
v 0.06470040 0.03902236 -0.00130629
v 0.06022891 0.04071411 -0.00501888
v 0.05699542 0.04032988 -0.00631441
v 0.05378549 0.03900471 -0.00678512
v 0.05100844 0.03690761 -0.00637098
v 0.04945687 0.03497829 -0.00548483
v 0.04840274 0.03291844 -0.00423555
v 0.04802848 0.03019089 -0.00206720
v 0.05068004 0.02609512 0.00280651
v 0.05540040 0.02471969 0.00523444
v 0.05818531 0.02582176 0.00682064
v 0.06634767 0.03505100 0.00295451
v 0.06518410 0.03624227 -0.00737360
v 0.05151878 0.02366838 -0.00334628
v 0.06346785 0.02068201 -0.00023666
v 0.06483153 0.02471169 0.00241220
v 0.06651507 0.02655518 0.00170768
v 0.06924349 0.03047406 -0.00952273
v 0.06669283 0.03174786 -0.01300232
v 0.06293643 0.03269123 -0.01412808
v 0.05984739 0.03187253 -0.01497562
v 0.05695983 0.03032900 -0.01493138
v 0.05527010 0.02852747 -0.01453199
v 0.05386192 0.02671247 -0.01352977
v 0.05296542 0.02409521 -0.01171950
v 0.05316499 0.02164853 -0.00950482
v 0.05541795 0.01864043 -0.00715676
v 0.05788904 0.01823196 -0.00401603
v 0.06097624 0.01821182 -0.00279707
v 0.06918763 0.02321427 -0.00388579
v 0.07003144 0.02611851 -0.00487747
v 0.07003529 0.02876831 -0.00676615
v 0.04756758 0.04308112 0.01709552
v 0.04775533 0.04162164 0.01845113
v 0.04893474 0.04302081 0.01783581
v 0.04904661 0.04170789 0.01902659
v 0.05038721 0.04343588 0.01820829
v 0.05036828 0.04209455 0.01935776
v 0.05164224 0.04270246 0.01947374
v 0.05170392 0.04426311 0.01815626
v 0.04577268 0.04507951 0.01446528
v 0.04420858 0.04411760 0.01450914
v 0.04599861 0.04427146 0.01527722
v 0.04477944 0.04290828 0.01584144
v 0.04649391 0.04360761 0.01610015
v 0.04556181 0.04223870 0.01681382
v 0.04655914 0.04178249 0.01771003
v 0.04728666 0.04802347 0.01268355
v 0.04527026 0.04776016 0.01189610
v 0.04630620 0.04690999 0.01315216
v 0.04460686 0.04666762 0.01250621
v 0.04590099 0.04598881 0.01374417
v 0.04421061 0.04554642 0.01327555
v 0.05321791 0.04720708 0.01637453
v 0.05456574 0.04881004 0.01566789
v 0.05286990 0.04826346 0.01528656
v 0.05396975 0.04961851 0.01466932
v 0.05200812 0.04899708 0.01421887
v 0.05312924 0.05023708 0.01371175
v 0.05076379 0.04929622 0.01333405
v 0.05165356 0.05065220 0.01261025
v 0.05312016 0.04385033 0.01922582
v 0.05268438 0.04537660 0.01768765
v 0.05420527 0.04524667 0.01856547
v 0.05308960 0.04629780 0.01709563
v 0.05477998 0.04674018 0.01756425
v 0.05481830 0.04782095 0.01664967
v 0.04994399 0.05057871 0.01181322
v 0.04932635 0.04911536 0.01276677
v 0.04818580 0.05002459 0.01140702
v 0.04825888 0.04866662 0.01261720
v 0.04656950 0.04904986 0.01143568
v 0.06613282 0.02291348 -0.01719882
v 0.06618580 0.02429455 -0.01836550
v 0.06780047 0.02412136 -0.01740310
v 0.06708480 0.02271881 -0.01655143
v 0.06786568 0.02229626 -0.01579324
v 0.06909695 0.02347563 -0.01619255
v 0.06848244 0.02138372 -0.01469429
v 0.06211258 0.02110991 -0.01766403
v 0.06123945 0.02205353 -0.01891889
v 0.06296949 0.02187021 -0.01788965
v 0.06271737 0.02320140 -0.01916681
v 0.06397238 0.02246798 -0.01790135
v 0.06442795 0.02397640 -0.01897543
v 0.06506015 0.02280812 -0.01764773
v 0.06124619 0.01813740 -0.01553166
v 0.05979388 0.01709381 -0.01536095
v 0.05950553 0.01843113 -0.01666165
v 0.06116065 0.01899683 -0.01631734
v 0.06136042 0.01991511 -0.01701023
v 0.05968852 0.01953808 -0.01752602
v 0.06015434 0.02065718 -0.01825853
v 0.06783502 0.01870243 -0.01270334
v 0.06908935 0.01814369 -0.01158916
v 0.06707295 0.01788037 -0.01237661
v 0.06813981 0.01716067 -0.01121772
v 0.06701126 0.01631971 -0.01105913
v 0.06610073 0.01723724 -0.01231027
v 0.06503326 0.01678849 -0.01245984
v 0.06573730 0.01571180 -0.01117511
v 0.06441563 0.01532514 -0.01150629
v 0.06394970 0.01662256 -0.01286188
v 0.06975770 0.02271158 -0.01519975
v 0.07015104 0.02178629 -0.01420224
v 0.06856799 0.02052428 -0.01390860
v 0.07018631 0.02072376 -0.01326637
v 0.06836821 0.01960600 -0.01321570
v 0.06993074 0.01960859 -0.01243142
v 0.06270606 0.01525166 -0.01230332
v 0.06293661 0.01669837 -0.01343734
v 0.06157911 0.01553307 -0.01311374
v 0.06186293 0.01722487 -0.01443273
v 0.06063168 0.01604549 -0.01403341
v 0.06906733 -0.00574667 -0.01752888
v 0.07109080 -0.00512996 -0.01792263
v 0.07000936 -0.00618211 -0.01699389
v 0.07074152 -0.00678622 -0.01631398
v 0.07227007 -0.00610942 -0.01682111
v 0.07123040 -0.00780693 -0.01524630
v 0.07290915 -0.00733397 -0.01553451
v 0.06500171 -0.00619627 -0.01752260
v 0.06449459 -0.00498872 -0.01877800
v 0.06603225 -0.00575524 -0.01784933
v 0.06579456 -0.00452590 -0.01909719
v 0.06757159 -0.00553507 -0.01790136
v 0.06719548 -0.00432353 -0.01914652
v 0.06860129 -0.00434235 -0.01897543
v 0.06991799 -0.00463405 -0.01854274
v 0.06988673 -0.01036874 -0.01284522
v 0.07007582 -0.01175369 -0.01144793
v 0.06853815 -0.01098716 -0.01237661
v 0.06877584 -0.01221651 -0.01112875
v 0.06738839 -0.01117926 -0.01231027
v 0.06690285 -0.01244956 -0.01110009
v 0.06623068 -0.01115503 -0.01245984
v 0.07297064 -0.00833414 -0.01453357
v 0.07118505 -0.00863678 -0.01442625
v 0.07272144 -0.00933630 -0.01356432
v 0.07083929 -0.00944617 -0.01365910
v 0.07210402 -0.01027315 -0.01269992
v 0.07122329 -0.01110603 -0.01196740
v 0.06332947 -0.00865898 -0.01525565
v 0.06156846 -0.00874505 -0.01536097
v 0.06345174 -0.00782890 -0.01606758
v 0.06184898 -0.00740608 -0.01666164
v 0.06414708 -0.00680485 -0.01701023
v 0.06246638 -0.00646926 -0.01752602
v 0.06334712 -0.00563637 -0.01825854
v 0.06507125 -0.01224065 -0.01150629
v 0.06484396 -0.01073559 -0.01302712
v 0.06347960 -0.01161245 -0.01230331
v 0.06405346 -0.01017056 -0.01367451
v 0.06256454 -0.01089699 -0.01311374
v 0.06351193 -0.00946687 -0.01443274
v 0.06190744 -0.01004352 -0.01403341
v 0.06153448 0.01961740 0.01750575
v 0.06017013 0.01874054 0.01822955
v 0.06176179 0.01811233 0.01902659
v 0.06292120 0.01919795 0.01807303
v 0.06359337 0.01790343 0.01943278
v 0.06407893 0.01917372 0.01822260
v 0.06522868 0.01936582 0.01815626
v 0.06546637 0.01813648 0.01940412
v 0.06001021 0.02197058 0.01500122
v 0.05832214 0.02228150 0.01450915
v 0.05835177 0.02094456 0.01584143
v 0.06020247 0.02088609 0.01610015
v 0.05899086 0.01972000 0.01712805
v 0.06074399 0.02018243 0.01685836
v 0.06272278 0.02459774 0.01268355
v 0.06077360 0.02517733 0.01189609
v 0.06137418 0.02397930 0.01315217
v 0.05972318 0.02444907 0.01250621
v 0.06042166 0.02305677 0.01396602
v 0.05915691 0.02388372 0.01300685
v 0.05872208 0.02326650 0.01357330
v 0.06641699 0.02434616 0.01333406
v 0.06618968 0.02585123 0.01181322
v 0.06503025 0.02476561 0.01276678
v 0.06435809 0.02606013 0.01140702
v 0.06387253 0.02478984 0.01261720
v 0.06248508 0.02582708 0.01143568
v 0.06787559 0.02171620 0.01610662
v 0.06966116 0.02201885 0.01599930
v 0.06792092 0.02254608 0.01528655
v 0.06959968 0.02301901 0.01499836
v 0.06743205 0.02356677 0.01421889
v 0.06896060 0.02424356 0.01371176
v 0.06778133 0.02522302 0.01261025
v 0.06676634 0.01859929 0.01908494
v 0.06657726 0.01998425 0.01768765
v 0.06791382 0.01924695 0.01856547
v 0.06752981 0.02090681 0.01687377
v 0.06879455 0.02007984 0.01783296
v 0.06941196 0.02101668 0.01696855
v 0.06343576 -0.01355446 -0.01033150
v 0.06129296 -0.01241561 -0.01149897
v 0.06003865 -0.01118217 -0.01306684
v 0.06969856 0.02179815 0.00434703
v 0.06866510 0.02683353 0.01105903
v 0.07059017 0.02552277 0.01253327
v 0.07245135 0.01901313 0.00504601
v 0.07368287 0.01680339 0.00534159
v 0.07194375 0.02325420 0.01495509
v 0.07331602 0.01843194 0.01123591
v 0.07142945 0.02014166 0.01797953
v 0.07350250 0.01398454 0.01126600
v 0.07248873 0.00959903 0.01115475
v 0.06936384 0.01801349 0.01990233
v 0.07073499 0.01136563 0.01446993
v 0.06937279 0.00774543 0.01300176
v 0.06630082 0.01659187 0.02094810
v 0.06672655 0.00916011 0.01532751
v 0.06245695 0.01624435 0.02089972
v 0.06352495 0.00887673 0.01526223
v 0.06067264 0.00874237 0.01397953
v 0.05892669 0.00832223 0.01217340
v 0.05854886 0.01741969 0.01930510
v 0.05698466 0.01382117 0.01404924
v 0.05653152 0.01941379 0.01708242
v 0.05561133 0.01653478 0.01166024
v 0.05604859 0.02081395 0.01566685
v 0.06629054 0.02747764 0.00996441
v 0.06627482 0.02056620 0.00069024
v 0.06395269 0.02766199 0.00973348
v 0.06248440 0.02369653 0.00482815
v 0.06087095 0.02702908 0.01000210
v 0.06038076 0.02111390 0.00288731
v 0.05789057 0.02537270 0.01133020
v 0.05746891 0.01965234 0.00496946
v 0.05602713 0.01682871 0.00547909
v 0.05615384 0.02282487 0.01365199
v 0.07479135 0.01198559 0.00470542
v 0.06987578 0.01539463 -0.00357675
v 0.06492759 0.01589143 -0.00460697
v 0.05927820 0.01620143 -0.00120380
v 0.05569094 0.00932037 0.00092425
v 0.05569224 0.00981034 0.00590008
v 0.05704784 0.00698319 0.00775503
v 0.06115052 0.00037697 0.00605831
v 0.06439498 -0.00016401 0.00694778
v 0.06778847 0.00013558 0.00701774
v 0.07115830 -0.00092118 0.00408521
v 0.07365301 0.00085440 0.00259054
v 0.07497254 0.00524762 0.00271466
v 0.07488733 0.00782372 -0.00420393
v 0.07281455 0.01191720 -0.00414975
v 0.06184840 0.01301732 -0.00643190
v 0.05922572 0.00939338 -0.00746197
v 0.05693422 0.00952053 -0.00348837
v 0.05632504 0.00259106 -0.00101415
v 0.07573545 0.00332593 -0.00400118
v 0.06896465 0.00918229 -0.01055680
v 0.06480587 0.00919714 -0.01098562
v 0.05698885 -0.00004096 -0.00812409
v 0.05832427 -0.00412380 -0.00373882
v 0.05901894 -0.00256232 0.00004055
v 0.06352632 -0.00800481 -0.00228934
v 0.06622604 -0.00850429 -0.00208980
v 0.06884617 -0.00857208 -0.00268315
v 0.07174958 -0.00749512 -0.00343915
v 0.07441273 -0.00498970 -0.00469636
v 0.07541876 -0.00363317 -0.00670536
v 0.07402416 0.00304306 -0.01152759
v 0.07201010 0.00318161 -0.01402473
v 0.06758747 0.00414920 -0.01546598
v 0.06364699 0.00351214 -0.01550746
v 0.06027393 0.00196121 -0.01408362
v 0.05836994 0.00072213 -0.01198233
v 0.05775210 -0.00443273 -0.00800064
v 0.06117423 -0.00775315 -0.00398873
v 0.07565860 -0.00310817 -0.01144085
v 0.06992885 -0.00274795 -0.02029734
v 0.06603335 -0.01402876 -0.00954099
v 0.06960207 -0.01370298 -0.00949793
v 0.07330249 -0.01182905 -0.01096086
v 0.07502761 -0.00941446 -0.01316407
v 0.06361274 -0.00341697 -0.02033657
v 0.06108598 -0.00506433 -0.01900660
v 0.05969215 -0.00694015 -0.01729145
v 0.05928484 -0.00903541 -0.01525613
v 0.07522748 -0.00703374 -0.01549972
v 0.07436759 -0.00537352 -0.01727984
v 0.07276747 -0.00382760 -0.01894976
v 0.06697952 -0.00267036 -0.02077361
v 0.06517421 -0.00472096 -0.01897052
v 0.06691308 -0.00434698 -0.01915381
v 0.06868837 -0.00436693 -0.01894156
v 0.06176248 -0.00767245 -0.01640622
v 0.06364199 -0.00545224 -0.01840962
v 0.06290384 -0.01120001 -0.01277573
v 0.06199246 -0.01015955 -0.01390884
v 0.06159918 -0.00894404 -0.01515982
v 0.07297122 -0.00779837 -0.01506612
v 0.07280792 -0.00906996 -0.01381972
v 0.07032631 -0.00477884 -0.01835454
v 0.07166657 -0.00554239 -0.01745021
v 0.07257794 -0.00658285 -0.01631710
v 0.07092842 -0.01129016 -0.01181632
v 0.06939618 -0.01202145 -0.01125542
v 0.06765732 -0.01239542 -0.01107213
v 0.06588203 -0.01237548 -0.01128438
v 0.06424409 -0.01196357 -0.01187140
v 0.06608672 0.01833154 0.01927745
v 0.06761894 0.01906282 0.01871655
v 0.06434785 0.01795756 0.01946075
v 0.06093462 0.01838942 0.01866147
v 0.06257255 0.01797751 0.01924849
v 0.05828970 0.02140895 0.01537305
v 0.05868299 0.02019343 0.01662403
v 0.05959436 0.01915297 0.01775715
v 0.06033251 0.02490074 0.01212325
v 0.05845300 0.02268054 0.01412665
v 0.06926847 0.02377013 0.01421577
v 0.06835710 0.02481059 0.01308266
v 0.06701684 0.02557414 0.01217833
v 0.06949845 0.02128302 0.01671315
v 0.06966175 0.02255461 0.01546675
v 0.06537890 0.02598605 0.01159131
v 0.06360361 0.02600600 0.01137906
v 0.06186474 0.02563202 0.01156235
v 0.05961873 -0.03793848 -0.01284523
v 0.05877606 -0.03928360 -0.01130705
v 0.05851418 -0.03797941 -0.01246901
v 0.05737421 -0.03779508 -0.01229648
v 0.05693411 -0.03895337 -0.01105913
v 0.05629900 -0.03735007 -0.01239196
v 0.05521357 -0.03820074 -0.01125051
v 0.05535904 -0.03672830 -0.01269706
v 0.06124644 -0.03388848 -0.01719882
v 0.06284948 -0.03364236 -0.01792263
v 0.06185674 -0.03501336 -0.01631399
v 0.06352843 -0.03501678 -0.01682112
v 0.06188820 -0.03614466 -0.01524632
v 0.06361418 -0.03639542 -0.01553450
v 0.05685312 -0.03213982 -0.01752260
v 0.05642904 -0.03083380 -0.01863678
v 0.05797394 -0.03215609 -0.01784932
v 0.05825682 -0.03093635 -0.01909719
v 0.05946976 -0.03258105 -0.01790136
v 0.05961893 -0.03132128 -0.01914652
v 0.06089556 -0.03191027 -0.01897543
v 0.06045039 -0.03316182 -0.01764773
v 0.06197978 -0.03271230 -0.01854274
v 0.06326355 -0.03733412 -0.01453357
v 0.06133603 -0.03711014 -0.01415835
v 0.06262825 -0.03814830 -0.01356430
v 0.06057444 -0.03762322 -0.01343724
v 0.06168319 -0.03875301 -0.01269992
v 0.06053982 -0.03915566 -0.01196740
v 0.05422094 -0.03396635 -0.01497963
v 0.05301167 -0.03248217 -0.01602373
v 0.05477311 -0.03300088 -0.01606759
v 0.05377767 -0.03174500 -0.01695957
v 0.05582485 -0.03234819 -0.01701023
v 0.05442595 -0.03135800 -0.01752602
v 0.05517321 -0.03107186 -0.01802666
v 0.05412936 -0.03739871 -0.01168320
v 0.05325965 -0.03646865 -0.01230331
v 0.05448903 -0.03567193 -0.01343734
v 0.05271469 -0.03544286 -0.01311374
v 0.05420677 -0.03480968 -0.01417224
v 0.05246155 -0.03439590 -0.01403341
v 0.05258722 -0.03339363 -0.01502619
v 0.06399786 -0.00687241 0.01730082
v 0.06258196 -0.00739373 0.01822955
v 0.06468135 -0.00765337 0.01783581
v 0.06378052 -0.00861503 0.01902659
v 0.06596170 -0.00845505 0.01820829
v 0.06495221 -0.00933849 0.01935776
v 0.06625643 -0.00987845 0.01947374
v 0.06745750 -0.00888001 0.01815626
v 0.06392221 -0.00415176 0.01473318
v 0.06216791 -0.00370198 0.01484050
v 0.06354325 -0.00489144 0.01555325
v 0.06181727 -0.00464070 0.01584146
v 0.06357471 -0.00602274 0.01662092
v 0.06190303 -0.00601929 0.01712804
v 0.07065833 -0.00803523 0.01637454
v 0.07241980 -0.00855391 0.01633063
v 0.07110768 -0.00732663 0.01556258
v 0.07293651 -0.00732046 0.01499832
v 0.07126959 -0.00651433 0.01473963
v 0.07285075 -0.00594188 0.01371176
v 0.07094243 -0.00536417 0.01374428
v 0.07237728 -0.00490599 0.01286989
v 0.07032087 -0.00456055 0.01316881
v 0.06691728 -0.00305669 0.01277594
v 0.06665539 -0.00175249 0.01161398
v 0.06581274 -0.00309762 0.01315216
v 0.06489164 -0.00188043 0.01227433
v 0.06456731 -0.00355297 0.01396603
v 0.06374827 -0.00228309 0.01300685
v 0.06280321 -0.00288779 0.01387122
v 0.06809839 -0.01020869 0.01922582
v 0.06857833 -0.00889627 0.01782953
v 0.06986216 -0.01008074 0.01856547
v 0.06960657 -0.00868792 0.01731718
v 0.07100551 -0.00967809 0.01783296
v 0.07165379 -0.00929109 0.01726650
v 0.07163055 -0.00392882 0.01216737
v 0.06947250 -0.00386634 0.01276677
v 0.07021789 -0.00283536 0.01155744
v 0.06805723 -0.00324101 0.01260341
v 0.06849734 -0.00208272 0.01136606
v 0.05761078 -0.03086223 -0.01897052
v 0.05591357 -0.03090708 -0.01840962
v 0.05517799 -0.02914408 -0.01978187
v 0.06019556 -0.03920393 -0.01181632
v 0.05823755 -0.04084652 -0.00961442
v 0.05849836 -0.03924878 -0.01125542
v 0.05675772 -0.03888316 -0.01107213
v 0.05839450 -0.02924206 -0.02067592
v 0.05935142 -0.03122784 -0.01915381
v 0.06187744 -0.03048108 -0.02057618
v 0.06096512 -0.03196814 -0.01894156
v 0.05329352 -0.03217087 -0.01640622
v 0.05209306 -0.03029443 -0.01776734
v 0.05262714 -0.03326610 -0.01515982
v 0.05047572 -0.03240823 -0.01525615
v 0.05290141 -0.03585769 -0.01277573
v 0.05029119 -0.03467602 -0.01306684
v 0.05249202 -0.03453649 -0.01390884
v 0.06330105 -0.04021039 -0.01174486
v 0.05992543 -0.04097749 -0.00992777
v 0.06348200 -0.03684491 -0.01506612
v 0.06547961 -0.03815040 -0.01433337
v 0.06281562 -0.03794014 -0.01381972
v 0.06361712 -0.03557452 -0.01631710
v 0.06589327 -0.03586344 -0.01667124
v 0.06229391 -0.03301065 -0.01835454
v 0.06492928 -0.03318525 -0.01892936
v 0.06320772 -0.03425332 -0.01745021
v 0.05381523 -0.03710036 -0.01187140
v 0.05122506 -0.03688061 -0.01117519
v 0.05589021 -0.04027712 -0.00941577
v 0.05514402 -0.03814287 -0.01128438
v 0.05335139 -0.03896063 -0.00988804
v 0.07363421 -0.00345563 0.01105902
v 0.07172694 -0.00190140 0.00996440
v 0.06966620 -0.00078209 0.00973348
v 0.07271677 -0.00674137 0.00619202
v 0.07494798 -0.00551201 0.01250816
v 0.07517357 -0.00805905 0.01495508
v 0.07438285 -0.01412601 0.00790060
v 0.07360115 -0.01626153 0.01017286
v 0.07382471 -0.01031706 0.01749675
v 0.07127788 -0.01818225 0.01284218
v 0.07199996 -0.01140746 0.01913637
v 0.06980822 -0.01663858 0.01586639
v 0.06891197 -0.01202670 0.02059258
v 0.06467483 -0.01881263 0.01532751
v 0.06568655 -0.01143775 0.02106688
v 0.06163476 -0.01776930 0.01526222
v 0.06308036 -0.01022284 0.02070800
v 0.05904538 -0.01605852 0.01442369
v 0.06056363 -0.00794097 0.01930510
v 0.05708158 -0.01456678 0.01249572
v 0.05589830 -0.01402487 0.01030635
v 0.05953177 -0.00529873 0.01708242
v 0.05632619 -0.01044254 0.00975086
v 0.05966008 -0.00382319 0.01566684
v 0.05628534 -0.01000093 0.00553404
v 0.06910811 -0.00670128 0.00244090
v 0.06606803 -0.00565798 0.00237558
v 0.06659345 -0.00010682 0.01000210
v 0.06370907 -0.00544826 0.00282660
v 0.06146900 -0.00559383 0.00371867
v 0.06319702 -0.00040778 0.01133020
v 0.05937135 -0.00480719 0.00844195
v 0.06057416 -0.00202894 0.01365199
v 0.06658030 -0.02350576 0.01052725
v 0.07130728 -0.02193059 0.00754749
v 0.07314293 -0.01587866 0.00126055
v 0.07172723 -0.01346834 -0.00060234
v 0.06879574 -0.01340484 -0.00411300
v 0.05730087 -0.01043979 0.00091844
v 0.05729812 -0.02555185 0.00660100
v 0.05953955 -0.02670881 0.00701835
v 0.06197436 -0.02748886 0.00701775
v 0.06828716 -0.02714753 0.00476535
v 0.07143728 -0.02478742 0.00155608
v 0.07226685 -0.02252423 -0.00085229
v 0.06510437 -0.01400150 -0.00678118
v 0.06178730 -0.01330479 -0.00643191
v 0.05858221 -0.01347807 -0.00528832
v 0.05371578 -0.01679007 -0.00064866
v 0.05316461 -0.01851184 0.00115922
v 0.05282355 -0.02308825 0.00127282
v 0.05492261 -0.02346195 0.00533624
v 0.06391849 -0.03179875 0.00181960
v 0.06737538 -0.03257098 -0.00282698
v 0.06957170 -0.02680378 -0.00991932
v 0.06990683 -0.02294231 -0.00844236
v 0.06799971 -0.02067232 -0.01002164
v 0.05558664 -0.01874791 -0.00916666
v 0.05359803 -0.01951478 -0.00672682
v 0.05424918 -0.03319157 -0.00290695
v 0.05631812 -0.03433228 -0.00213482
v 0.05935771 -0.03537693 -0.00206805
v 0.06393957 -0.03586142 -0.00408147
v 0.06778895 -0.03378482 -0.00748187
v 0.06907096 -0.03069576 -0.00949153
v 0.06345627 -0.02244278 -0.01457077
v 0.06045578 -0.02266836 -0.01540555
v 0.05764071 -0.02207514 -0.01441315
v 0.05165717 -0.02544059 -0.01025460
v 0.05117545 -0.02622554 -0.00717712
v 0.05103051 -0.02958556 -0.00659125
v 0.05271183 -0.03135053 -0.00348552
v 0.06595045 -0.02791466 -0.01601879
v 0.05366313 -0.02532259 -0.01473553
v 0.07213794 -0.00886523 0.01671315
v 0.07280432 -0.00777000 0.01546675
v 0.07293943 -0.00649961 0.01421577
v 0.06782068 -0.01017387 0.01927745
v 0.06951788 -0.01012902 0.01871655
v 0.06313755 -0.00802545 0.01866147
v 0.06446634 -0.00906796 0.01924849
v 0.06608003 -0.00980825 0.01946075
v 0.06194945 -0.00419118 0.01537305
v 0.06181434 -0.00546158 0.01662403
v 0.06222373 -0.00678277 0.01775715
v 0.06261583 -0.00309595 0.01412665
v 0.07028744 -0.00289323 0.01159131
v 0.06867374 -0.00215293 0.01137906
v 0.06693310 -0.00178731 0.01156235
v 0.07161622 -0.00393573 0.01217833
v 0.06523589 -0.00183216 0.01212325
v 0.07253005 -0.00517841 0.01308266
v 0.06265894 -0.03729603 0.01632759
v 0.06429702 -0.03898428 0.01642079
v 0.06362937 -0.03638249 0.01499979
v 0.06584544 -0.03712744 0.01399222
v 0.06411014 -0.03509254 0.01371751
v 0.05805364 -0.03705088 0.01921300
v 0.05825495 -0.03905815 0.02051201
v 0.05971136 -0.03764936 0.01855487
v 0.06156879 -0.03979745 0.01886349
v 0.06130399 -0.03773414 0.01755703
v 0.05502143 -0.02892412 0.01517275
v 0.05215183 -0.02922443 0.01725229
v 0.05428579 -0.03004110 0.01649583
v 0.05407301 -0.03146885 0.01770232
v 0.05934201 -0.02840620 0.01190797
v 0.05739668 -0.02615447 0.01147984
v 0.05769436 -0.02805984 0.01274740
v 0.05620020 -0.02823895 0.01387645
v 0.06096459 -0.02924048 0.01144910
v 0.05990985 -0.02677391 0.01021154
v 0.06345298 -0.03196815 0.01182537
v 0.06468272 -0.03077257 0.01004658
v 0.06238626 -0.03047230 0.01142054
v 0.06271286 -0.02855517 0.00970735
v 0.06614690 -0.03519847 0.01237429
v 0.06404914 -0.03356595 0.01261972
v 0.05651047 -0.03600354 0.01946009
v 0.05573262 -0.03755034 0.02105448
v 0.06589913 -0.03333264 0.01114952
v 0.05440613 -0.03305264 0.01866147
v 0.05366374 -0.03531656 0.02083132
v 0.05524907 -0.03462085 0.01926935
v 0.05572133 -0.02618510 0.01257650
v 0.05369460 -0.02703878 0.01458718
v 0.05222354 -0.03259819 0.01965837
v 0.03467923 -0.05169365 -0.01536012
v 0.03394360 -0.05281063 -0.01403704
v 0.03211426 -0.05134351 -0.01383502
v 0.03899981 -0.05117572 -0.01862490
v 0.03735217 -0.05082937 -0.01778547
v 0.03614077 -0.04879499 -0.01843968
v 0.03345456 -0.04971766 -0.01595400
v 0.03585801 -0.05100848 -0.01665642
v 0.03406394 -0.05582217 -0.01187140
v 0.03166920 -0.05378358 -0.01177093
v 0.03373081 -0.05423837 -0.01283055
v 0.03490687 -0.05739038 -0.01126352
v 0.03257481 -0.05676889 -0.01007649
v 0.03942489 -0.04942443 -0.02013967
v 0.04062239 -0.05201001 -0.01908377
v 0.04231981 -0.05114548 -0.02077269
v 0.04204407 -0.05324183 -0.01911233
v 0.03771145 -0.05982041 -0.01131987
v 0.03473752 -0.05969870 -0.00937304
v 0.03616827 -0.05877307 -0.01107279
v 0.03936917 -0.06041889 -0.01197800
v 0.03786495 -0.06174161 -0.00992585
v 0.04231674 -0.06006555 -0.01420528
v 0.04272138 -0.06228518 -0.01277938
v 0.04096179 -0.06050367 -0.01297584
v 0.04049805 -0.06245288 -0.01112593
v 0.04401768 -0.05301334 -0.02053236
v 0.04311079 -0.05473768 -0.01870751
v 0.04328718 -0.05915202 -0.01553308
v 0.04492174 -0.06092035 -0.01520466
v 0.04370695 -0.05633548 -0.01791316
v 0.04571386 -0.05903140 -0.01719723
v 0.04376795 -0.05786207 -0.01681536
v 0.04515066 -0.05485210 -0.01991754
v 0.04586947 -0.05738010 -0.01847977
v 0.04764888 -0.03964905 0.01455507
v 0.05062300 -0.04192793 0.01605727
v 0.05074814 -0.04591187 0.01319439
v 0.05517523 -0.04535471 0.01419490
v 0.05729189 -0.04567144 0.01294303
v 0.05817322 -0.04683057 0.01017188
v 0.06176020 -0.04372049 0.00960129
v 0.04729687 -0.03602393 0.01400928
v 0.05483918 -0.03059448 0.00301232
v 0.05283325 -0.03003689 0.00425421
v 0.05080474 -0.03004405 0.00568888
v 0.04907902 -0.03055617 0.00831368
v 0.04706693 -0.03280820 0.01024054
v 0.04659998 -0.03464273 0.01184186
v 0.05722801 -0.03140083 0.00272170
v 0.06043721 -0.03317478 0.00318620
v 0.06291720 -0.03718376 0.00452360
v 0.06287688 -0.04100337 0.00581856
v 0.06235479 -0.04281346 0.00743851
v 0.05949847 -0.04006450 -0.00132200
v 0.05648182 -0.03601733 -0.00233040
v 0.04382289 -0.03544896 0.00131639
v 0.04188469 -0.04142546 0.00706453
v 0.05779209 -0.04850378 0.00610833
v 0.05637797 -0.05063064 -0.00007657
v 0.05762250 -0.04871283 -0.00119926
v 0.05755403 -0.04627292 -0.00410979
v 0.05538443 -0.04114650 -0.00648731
v 0.05079459 -0.03720194 -0.00637099
v 0.04770545 -0.03611321 -0.00512472
v 0.04477368 -0.03606774 -0.00320534
v 0.04002209 -0.03955404 -0.00178962
v 0.04040984 -0.04023084 0.00280653
v 0.04056041 -0.04514520 0.00523447
v 0.04246907 -0.04745329 0.00682060
v 0.04344458 -0.05158786 0.00488814
v 0.04784996 -0.05174987 0.00643986
v 0.05093678 -0.05258575 0.00500666
v 0.05272426 -0.05371958 -0.00837784
v 0.05369472 -0.04656496 -0.01003391
v 0.05067925 -0.04251720 -0.01104344
v 0.04883438 -0.05736571 -0.00401062
v 0.05224663 -0.05467155 -0.00188535
v 0.04981082 -0.05719570 -0.00816280
v 0.05080094 -0.05365869 -0.01289233
v 0.04944300 -0.04955216 -0.01524513
v 0.04486249 -0.04413829 -0.01475392
v 0.04273461 -0.04323027 -0.01383223
v 0.04055556 -0.04291790 -0.01269120
v 0.03799874 -0.04337629 -0.01064586
v 0.03570327 -0.04535408 -0.00873481
v 0.03509519 -0.04694799 -0.00604786
v 0.03515925 -0.04951686 -0.00401599
v 0.03609407 -0.05245920 -0.00279707
v 0.03810193 -0.05501379 -0.00203622
v 0.04112415 -0.05804972 -0.00317066
v 0.04502326 -0.05860591 -0.00396870
v 0.04594459 -0.04781055 -0.01705635
v 0.06177247 -0.03584832 0.01583857
v 0.06267093 -0.03731085 0.01633065
v 0.06364464 -0.03639423 0.01499837
v 0.06244973 -0.03497979 0.01473966
v 0.06412704 -0.03509995 0.01371179
v 0.06261869 -0.03379595 0.01374427
v 0.06411584 -0.03396101 0.01286989
v 0.06225356 -0.03247708 0.01300399
v 0.05566105 -0.03234921 0.01730082
v 0.05427265 -0.03265133 0.01845113
v 0.05596780 -0.03334066 0.01783582
v 0.05475370 -0.03385276 0.01902659
v 0.05657360 -0.03429100 0.01814091
v 0.05582401 -0.03535366 0.01943278
v 0.05737486 -0.03513487 0.01823639
v 0.05725048 -0.03658963 0.01940412
v 0.05834129 -0.03576692 0.01806386
v 0.05694862 -0.02969717 0.01446527
v 0.05500761 -0.02891065 0.01517191
v 0.05605147 -0.03035461 0.01555326
v 0.05426948 -0.03003141 0.01649947
v 0.05562007 -0.03140088 0.01662092
v 0.05405598 -0.03146400 0.01771005
v 0.05846428 -0.03724602 0.01908494
v 0.05936700 -0.03617879 0.01768764
v 0.05971339 -0.03766539 0.01856547
v 0.06068994 -0.03626936 0.01687378
v 0.06131141 -0.03775045 0.01756425
v 0.05954365 -0.02987482 0.01286884
v 0.05934279 -0.02839098 0.01189610
v 0.05817491 -0.02952870 0.01352263
v 0.05809872 -0.02809767 0.01250621
v 0.05690996 -0.02806728 0.01327555
v 0.05587024 -0.02836481 0.01419013
v 0.06383112 -0.03276459 0.01216737
v 0.06298534 -0.03119108 0.01155744
v 0.06140997 -0.03122394 0.01263152
v 0.06205865 -0.03013376 0.01138635
v 0.06053155 -0.03045486 0.01264322
v 0.06097085 -0.02922808 0.01143568
v 0.03920146 -0.05264435 -0.01766403
v 0.03900059 -0.05116050 -0.01863677
v 0.04062866 -0.05199761 -0.01909719
v 0.04050431 -0.05345239 -0.01792946
v 0.04171645 -0.05290329 -0.01914652
v 0.04154288 -0.05459930 -0.01776610
v 0.04264314 -0.05396061 -0.01897543
v 0.04203553 -0.05557855 -0.01736406
v 0.03570928 -0.05312413 -0.01497961
v 0.03520823 -0.05127640 -0.01602372
v 0.03660642 -0.05246671 -0.01606759
v 0.03656777 -0.05083680 -0.01725733
v 0.03783270 -0.05229823 -0.01701023
v 0.03775653 -0.05086720 -0.01802666
v 0.03562561 -0.05611019 -0.01269705
v 0.03404803 -0.05582264 -0.01186045
v 0.03531886 -0.05511874 -0.01323205
v 0.03371379 -0.05423351 -0.01282284
v 0.03527788 -0.05417041 -0.01391195
v 0.03392729 -0.05280093 -0.01403340
v 0.03444976 -0.05193643 -0.01502619
v 0.04162925 -0.05842551 -0.01497029
v 0.04232873 -0.06008038 -0.01420221
v 0.04093055 -0.05889008 -0.01415834
v 0.04096923 -0.06051998 -0.01296864
v 0.04002612 -0.05904904 -0.01343724
v 0.03902480 -0.05894832 -0.01284523
v 0.03978044 -0.06048959 -0.01219928
v 0.04348894 -0.05553414 -0.01836549
v 0.04227649 -0.05656549 -0.01678860
v 0.04382319 -0.05712329 -0.01740309
v 0.04210755 -0.05774930 -0.01579323
v 0.04360968 -0.05855586 -0.01619253
v 0.04308721 -0.05942036 -0.01519975
v 0.03853635 -0.06019627 -0.01158916
v 0.03766283 -0.05835994 -0.01237661
v 0.03730802 -0.05959697 -0.01121772
v 0.03615949 -0.05878353 -0.01105913
v 0.03646919 -0.05736330 -0.01232458
v 0.03489382 -0.05739616 -0.01125051
v 0.01451749 -0.07025171 -0.01524632
v 0.01455383 -0.07206969 -0.01453357
v 0.01371423 -0.07046503 -0.01442625
v 0.01352372 -0.07214238 -0.01356433
v 0.01283758 -0.07038629 -0.01365909
v 0.01208098 -0.07169677 -0.01243144
v 0.01195371 -0.06995430 -0.01303027
v 0.01113208 -0.06926960 -0.01256191
v 0.01071203 -0.07070684 -0.01158915
v 0.00983366 -0.06965976 -0.01121772
v 0.01027053 -0.06800150 -0.01229648
v 0.00911527 -0.06844948 -0.01105913
v 0.00978824 -0.06653132 -0.01245984
v 0.00864386 -0.06711897 -0.01117511
v 0.01439127 -0.06407835 -0.01766403
v 0.01542100 -0.06330866 -0.01891889
v 0.01505785 -0.06501005 -0.01788965
v 0.01640810 -0.06489847 -0.01916681
v 0.01554751 -0.06606993 -0.01790136
v 0.01700004 -0.06668067 -0.01897544
v 0.01577208 -0.06718729 -0.01764773
v 0.01576474 -0.06826511 -0.01719882
v 0.00839747 -0.06576412 -0.01150628
v 0.00975863 -0.06508285 -0.01302712
v 0.00850309 -0.06405624 -0.01230331
v 0.01018619 -0.06387664 -0.01391193
v 0.00907019 -0.06263201 -0.01340483
v 0.01100587 -0.06309626 -0.01497962
v 0.01003732 -0.06164581 -0.01469142
v 0.01713271 -0.06846216 -0.01836550
v 0.01690618 -0.06967095 -0.01766298
v 0.01533718 -0.06947132 -0.01631401
v 0.01645318 -0.07071596 -0.01682111
v 0.01548604 -0.07170216 -0.01553449
v 0.01129968 -0.06120448 -0.01602372
v 0.01180914 -0.06288293 -0.01579969
v 0.01268579 -0.06296168 -0.01656685
v 0.01272047 -0.06135585 -0.01725732
v 0.01356966 -0.06339366 -0.01719567
v 0.01414572 -0.06208352 -0.01825853
v 0.04365319 -0.05503077 0.01300399
v 0.04497742 -0.05593511 0.01216738
v 0.04490790 -0.05460520 0.01168515
v 0.04348631 -0.05391618 0.01269889
v 0.04460330 -0.05325026 0.01140702
v 0.04309756 -0.05281936 0.01260341
v 0.04380287 -0.05154094 0.01143568
v 0.04247175 -0.05184887 0.01277594
v 0.04265605 -0.05011402 0.01189609
v 0.04170224 -0.05105541 0.01315216
v 0.04128711 -0.04912411 0.01273837
v 0.04082846 -0.05055613 0.01374417
v 0.03993758 -0.05033348 0.01446527
v 0.03984439 -0.04867850 0.01387124
v 0.04127525 -0.05796031 0.01637452
v 0.04206841 -0.05961640 0.01633065
v 0.04210249 -0.05782009 0.01556258
v 0.04333075 -0.05917508 0.01499838
v 0.04281447 -0.05739690 0.01473965
v 0.04429790 -0.05818886 0.01371175
v 0.04345032 -0.05638412 0.01374426
v 0.04475090 -0.05714386 0.01286989
v 0.03848426 -0.04882549 0.01517193
v 0.03885060 -0.05056917 0.01555325
v 0.03735413 -0.04954911 0.01649945
v 0.03803092 -0.05134954 0.01662093
v 0.03674547 -0.05043779 0.01741913
v 0.03760335 -0.05255577 0.01750575
v 0.03897680 -0.05674251 0.01797097
v 0.03794708 -0.05751221 0.01922582
v 0.03922237 -0.05873735 0.01856547
v 0.04008645 -0.05761544 0.01731716
v 0.04064761 -0.05946502 0.01756426
v 0.03634781 -0.05152914 0.01822955
v 0.03624219 -0.05323702 0.01902658
v 0.03763296 -0.05400424 0.01807303
v 0.03648858 -0.05459188 0.01935776
v 0.03811526 -0.05547444 0.01823639
v 0.03695999 -0.05592241 0.01947374
v 0.00840539 -0.06489181 -0.01187140
v 0.00853760 -0.06666730 -0.01126352
v 0.00676850 -0.06618135 -0.00977283
v 0.01011132 -0.07002796 -0.01131987
v 0.00764946 -0.06916697 -0.00937222
v 0.00912755 -0.06844351 -0.01107279
v 0.01421876 -0.07212505 -0.01420528
v 0.01456684 -0.07439942 -0.01353128
v 0.01280276 -0.07197419 -0.01297584
v 0.01172828 -0.07363535 -0.01124924
v 0.01138230 -0.07124896 -0.01197800
v 0.01700594 -0.06928291 -0.01791316
v 0.01853122 -0.07111541 -0.01848932
v 0.01644075 -0.07070233 -0.01681536
v 0.01719389 -0.07331875 -0.01633290
v 0.01547687 -0.07168522 -0.01553308
v 0.01064671 -0.06137049 -0.01536012
v 0.01028836 -0.05903323 -0.01590788
v 0.01200225 -0.06122400 -0.01665642
v 0.01270420 -0.05920494 -0.01806137
v 0.01344009 -0.06166811 -0.01778547
v 0.00960653 -0.07199469 -0.00998805
v 0.01480442 -0.06265467 -0.01862490
v 0.01597572 -0.06132678 -0.02017334
v 0.01594738 -0.06407680 -0.01908377
v 0.01785322 -0.06395803 -0.02077274
v 0.01674512 -0.06578036 -0.01911233
v 0.01391479 -0.05956880 -0.01893201
v 0.00952036 -0.06209169 -0.01403704
v 0.00822398 -0.06021496 -0.01355245
v 0.00671901 -0.06339338 -0.01077643
v 0.00722462 -0.06182214 -0.01201272
v 0.00874525 -0.06330945 -0.01283055
v 0.01711120 -0.06758077 -0.01870751
v 0.01893347 -0.06783694 -0.02020612
v 0.02251112 -0.07245080 -0.00810958
v 0.03158417 -0.06885068 -0.00085224
v 0.02934719 -0.06974857 0.00155611
v 0.03882135 -0.06501796 0.00942936
v 0.03668861 -0.06566128 0.01084231
v 0.04429089 -0.06123816 0.01491716
v 0.04238341 -0.06189459 0.01690049
v 0.03959579 -0.06117897 0.01916309
v 0.03554435 -0.06372255 0.01523950
v 0.03811289 -0.06026058 0.02008770
v 0.03599896 -0.04767757 0.01691167
v 0.02891170 -0.04977974 0.01076895
v 0.03465854 -0.04987074 0.01894030
v 0.02592861 -0.05504873 0.01289719
v 0.03444288 -0.05240086 0.02025924
v 0.02728818 -0.05741267 0.01470353
v 0.03491911 -0.05523394 0.02098792
v 0.03554086 -0.05729515 0.02096043
v 0.03059781 -0.04857441 0.00943135
v 0.04553857 -0.05133311 0.00967169
v 0.04020872 -0.05222135 0.00310345
v 0.04320396 -0.04822260 0.01056210
v 0.03694068 -0.04949768 0.00371868
v 0.03612165 -0.04741248 0.00844193
v 0.04040736 -0.04668134 0.01247327
v 0.03819296 -0.04654806 0.01443864
v 0.03143885 -0.04822240 0.00710584
v 0.04071280 -0.05594779 0.00181796
v 0.04657251 -0.05450653 0.01006362
v 0.04173534 -0.05821668 0.00305442
v 0.04663578 -0.05728836 0.01114665
v 0.04200445 -0.06101954 0.00515280
v 0.04577423 -0.05983506 0.01295642
v 0.04005351 -0.06402551 0.00669201
v 0.03075955 -0.06760516 0.00809709
v 0.02822515 -0.06629714 0.00987193
v 0.03669988 -0.05881462 0.02078764
v 0.02598368 -0.06406368 0.01099965
v 0.03340676 -0.05400276 -0.00425795
v 0.03055041 -0.04964274 0.00091845
v 0.02367304 -0.05344668 0.00875094
v 0.02222534 -0.06210262 0.00926227
v 0.03323006 -0.06693482 -0.00313933
v 0.03392655 -0.06494787 -0.00458977
v 0.03418214 -0.06268466 -0.00575135
v 0.03387242 -0.06025003 -0.00646785
v 0.03312507 -0.05782515 -0.00678121
v 0.02914992 -0.05262796 -0.00528830
v 0.02402093 -0.05107230 -0.00124916
v 0.02178399 -0.05197017 0.00115924
v 0.02050502 -0.05334896 0.00289125
v 0.01931813 -0.05975264 0.00660102
v 0.02048148 -0.07220534 -0.00360537
v 0.02153016 -0.07065141 0.00034654
v 0.01780846 -0.07073140 -0.00148300
v 0.01803991 -0.06763431 0.00229165
v 0.02518179 -0.05783697 -0.01296062
v 0.02261080 -0.05321647 -0.00779209
v 0.01382382 -0.05715632 -0.00360044
v 0.01541559 -0.05842810 0.00090783
v 0.02070320 -0.07279310 -0.00663871
v 0.02395368 -0.07128432 -0.01076929
v 0.02543246 -0.06893726 -0.01260288
v 0.02582597 -0.06612750 -0.01411458
v 0.02556880 -0.06381395 -0.01475975
v 0.02491552 -0.06154131 -0.01501745
v 0.02159314 -0.05709790 -0.01409015
v 0.01679524 -0.05542624 -0.01134527
v 0.01521780 -0.05541619 -0.00868658
v 0.01364589 -0.05643640 -0.00713801
v 0.01180181 -0.06335568 -0.00246232
v 0.01423027 -0.06586067 -0.00000533
v 0.01219944 -0.06988119 -0.00497940
v 0.04495592 -0.05505369 0.01182537
v 0.04458984 -0.05325328 0.01142054
v 0.04379210 -0.05154972 0.01144910
v 0.04485065 -0.05675583 0.01261972
v 0.04428547 -0.05817525 0.01371751
v 0.04206348 -0.05959797 0.01632759
v 0.04332159 -0.05915814 0.01499979
v 0.03795604 -0.05750088 0.01921300
v 0.03922702 -0.05872188 0.01855487
v 0.04064748 -0.05944711 0.01755703
v 0.03625011 -0.05236473 0.01866147
v 0.03638232 -0.05414021 0.01926935
v 0.03697227 -0.05591642 0.01946009
v 0.03849143 -0.04884341 0.01517275
v 0.03736508 -0.04956460 0.01649583
v 0.03658997 -0.05078237 0.01770232
v 0.04264914 -0.05012759 0.01190797
v 0.04128481 -0.04914102 0.01274740
v 0.03984697 -0.04869692 0.01387645
v 0.00136387 0.04074294 0.02022783
v 0.00723038 0.04081571 0.02102040
v -0.00355818 0.04174449 0.02129262
v -0.00781601 0.04067070 0.02090448
v -0.03966088 0.01255310 0.02107436
v -0.04181080 0.00384323 0.02129262
v -0.04059923 0.00491647 0.02025551
v -0.04083924 0.00000000 0.02023420
v -0.04181731 -0.00918203 0.02181121
v -0.04055818 -0.00540128 0.02027223
v -0.03970655 -0.01240827 0.02107435
v -0.00156387 -0.04074294 0.02022783
v -0.00743038 -0.04081571 0.02102040
v 0.00335818 -0.04174449 0.02129262
v 0.00761601 -0.04067070 0.02090448
v 0.04136848 0.00173457 0.02107436
v 0.04253484 0.00713829 0.02198515
v 0.04043728 0.00890915 0.02107436
v 0.03851952 0.01962555 0.02198368
v 0.03827437 0.01581300 0.02107435
v 0.03494548 0.02223641 0.02107436
v 0.02852460 0.03420195 0.02229241
v 0.03055174 0.02798419 0.02107436
v 0.02353273 0.03630597 0.02198368
v 0.02563253 0.03258722 0.02109673
v 0.02074810 0.03584708 0.02102040
v 0.00788737 0.04269636 0.02198136
v 0.01420657 0.03892273 0.02102040
v -0.00723827 0.04263485 0.02198515
v -0.01972554 0.03861953 0.02198368
v -0.01591300 0.03837438 0.02107436
v -0.02192090 0.03532617 0.02109673
v -0.03040168 0.03083008 0.02198515
v -0.02726285 0.03141017 0.02105522
v -0.03298166 0.02532668 0.02107436
v -0.03832754 0.02037853 0.02198368
v -0.03688005 0.01923205 0.02107436
v -0.04333004 0.00423575 0.02198136
v -0.03772222 -0.02128977 0.02198515
v -0.03605391 -0.02085854 0.02107148
v -0.02967815 -0.03165064 0.02198368
v -0.03110030 -0.02762375 0.02109673
v -0.02685616 -0.03168223 0.02102040
v -0.01706922 -0.03985818 0.02198368
v -0.02094810 -0.03584708 0.02102040
v -0.01440658 -0.03892272 0.02102040
v -0.00423964 -0.04302962 0.02198515
v 0.00703827 -0.04263485 0.02198515
v 0.01952554 -0.03861953 0.02198368
v 0.01571300 -0.03837438 0.02107436
v 0.02381275 -0.03399916 0.02107148
v 0.03155062 -0.02957816 0.02198368
v 0.03012048 -0.02847477 0.02109673
v 0.03426684 -0.02330964 0.02105522
v 0.03891877 -0.01860702 0.02198515
v 0.03821626 -0.01595330 0.02107435
v 0.04279201 -0.00607496 0.02198368
v 0.04084991 -0.00713214 0.02107148
v 0.04434234 0.00388820 0.02222500
v 0.04383435 0.00774681 0.02222500
v 0.04299198 0.01154646 0.02222500
v 0.04182167 0.01525824 0.02222500
v 0.04033230 0.01885389 0.02222500
v 0.03853521 0.02230605 0.02222500
v 0.03644409 0.02558845 0.02222500
v 0.03407485 0.02867611 0.02222500
v 0.03144552 0.03154552 0.02222500
v 0.02548845 0.03654410 0.02222500
v 0.02220605 0.03863522 0.02222500
v 0.01875389 0.04043230 0.02222500
v 0.01515824 0.04192166 0.02222500
v 0.01144646 0.04309198 0.02222500
v 0.00764681 0.04393435 0.02222500
v 0.00378820 0.04444234 0.02222500
v -0.00010000 0.04461210 0.02222500
v -0.00398820 0.04444234 0.02222500
v -0.00784681 0.04393435 0.02222500
v -0.01164646 0.04309198 0.02222500
v -0.01535824 0.04192166 0.02222500
v -0.01895389 0.04043230 0.02222500
v -0.02240605 0.03863522 0.02222500
v -0.02568845 0.03654410 0.02222500
v -0.02877611 0.03417486 0.02222500
v -0.03164552 0.03154552 0.02222500
v -0.03427485 0.02867611 0.02222500
v -0.03664410 0.02558845 0.02222500
v -0.03873521 0.02230605 0.02222500
v -0.04053230 0.01885389 0.02222500
v -0.04202167 0.01525824 0.02222500
v -0.04319198 0.01154646 0.02222500
v -0.04403435 0.00774681 0.02222500
v -0.04454234 0.00388820 0.02222500
v -0.04471210 0.00000000 0.02222500
v -0.04454234 -0.00388820 0.02222500
v -0.04403435 -0.00774681 0.02222500
v -0.04319198 -0.01154646 0.02222500
v -0.04202167 -0.01525824 0.02222500
v -0.04053230 -0.01885389 0.02222500
v -0.03873521 -0.02230605 0.02222500
v -0.03664410 -0.02558845 0.02222500
v -0.03427485 -0.02867611 0.02222500
v -0.03164552 -0.03154552 0.02222500
v -0.02877611 -0.03417486 0.02222500
v -0.02568845 -0.03654410 0.02222500
v -0.02240605 -0.03863522 0.02222500
v -0.01895389 -0.04043230 0.02222500
v -0.01535824 -0.04192166 0.02222500
v -0.01164646 -0.04309198 0.02222500
v -0.00784681 -0.04393435 0.02222500
v -0.00398820 -0.04444234 0.02222500
v -0.00010000 -0.04461210 0.02222500
v 0.00378820 -0.04444234 0.02222500
v 0.00764681 -0.04393435 0.02222500
v 0.01144646 -0.04309198 0.02222500
v 0.01515824 -0.04192166 0.02222500
v 0.01875389 -0.04043230 0.02222500
v 0.02220605 -0.03863522 0.02222500
v 0.02548845 -0.03654410 0.02222500
v 0.02857611 -0.03417486 0.02222500
v 0.03144552 -0.03154552 0.02222500
v 0.03407485 -0.02867611 0.02222500
v 0.03644409 -0.02558845 0.02222500
v 0.03853521 -0.02230605 0.02222500
v 0.04033230 -0.01885389 0.02222500
v 0.04182167 -0.01525824 0.02222500
v 0.04299198 -0.01154646 0.02222500
v 0.04383435 -0.00774681 0.02222500
v 0.04434234 -0.00388820 0.02222500
v 0.04451210 0.00000000 0.02222500
v 0.02892803 0.00011462 0.00381290
v 0.02727998 0.00754952 0.00323786
v 0.02551710 0.01319611 0.00350333
v 0.02239385 0.01732212 0.00324039
v 0.01938646 0.02077485 0.00329108
v 0.01547177 0.02404451 0.00343292
v 0.01105992 0.02638323 0.00343292
v 0.00639356 0.02769854 0.00326485
v 0.00014000 0.02872538 0.00346336
v -0.00554573 0.02797078 0.00326750
v -0.01019898 0.02660372 0.00325918
v -0.01640026 0.02361107 0.00343242
v -0.02004274 0.02014615 0.00320911
v -0.02269584 0.01760814 0.00343292
v -0.02509578 0.01358941 0.00325499
v -0.02745846 0.00789719 0.00326271
v -0.02892852 0.00363375 0.00385514
v -0.02910535 0.00000000 0.00383860
v -0.02916986 -0.00050639 0.00376174
v -0.02796485 -0.00674804 0.00338949
v -0.02492131 -0.01400907 0.00326733
v -0.02058162 -0.02014221 0.00346336
v -0.01603259 -0.02362714 0.00327381
v -0.01147743 -0.02610991 0.00325684
v -0.00709512 -0.02776738 0.00340546
v -0.00156329 -0.02860904 0.00343292
v 0.00436197 -0.02816268 0.00326478
v 0.01185259 -0.02608288 0.00343242
v 0.01716860 -0.02285638 0.00343292
v 0.01984274 -0.02014615 0.00320911
v 0.02249584 -0.01760814 0.00343292
v 0.02489577 -0.01358942 0.00325499
v 0.02656347 -0.00979562 0.00326294
v 0.02864282 -0.00479568 0.00388691
v 0.02890535 0.00000000 0.00383860
v 0.02842660 -0.00151954 0.00334644
v -0.02847553 0.00272449 0.00334767
v 0.02761440 0.00000000 0.00317500
v 0.01289768 0.02450468 0.00317500
v -0.02781440 0.00000000 0.00317500
v -0.02781488 -0.00008891 0.00313911
v -0.01309768 -0.02450468 0.00317500
v 0.00910396 -0.02635922 0.00317454
v 0.02761463 -0.00003918 0.00315996
v 0.01924588 -0.01411695 0.00317500
v 0.01831153 -0.01318260 0.00317500
v 0.01796953 -0.01190625 0.00317500
v 0.01418750 0.00000000 0.00317500
v 0.01831153 -0.01062990 0.00317500
v 0.01924588 -0.00969555 0.00317500
v 0.02052223 -0.00935355 0.00317500
v 0.02179858 -0.00969555 0.00317500
v 0.02273293 -0.01062990 0.00317500
v 0.02307493 -0.01190625 0.00317500
v 0.02273293 -0.01318260 0.00317500
v 0.02179858 -0.01411695 0.00317500
v 0.02052223 -0.01445895 0.00317500
v 0.00832010 -0.01611630 0.00317500
v 0.00211070 -0.02253615 0.00317500
v 0.00245270 -0.02381250 0.00317500
v -0.00265270 -0.02381250 0.00317500
v -0.00231070 -0.02253615 0.00317500
v -0.00137635 -0.02160180 0.00317500
v -0.00010000 -0.02125980 0.00317500
v 0.00117635 -0.02160180 0.00317500
v 0.00211070 -0.02508885 0.00317500
v 0.00117635 -0.02602320 0.00317500
v -0.00010000 -0.02636520 0.00317500
v -0.00137635 -0.02602320 0.00317500
v -0.00231070 -0.02508885 0.00317500
v -0.02072223 -0.01445895 0.00317500
v -0.01944588 -0.01411695 0.00317500
v -0.01851153 -0.01318260 0.00317500
v -0.02072223 -0.00935355 0.00317500
v -0.01438750 0.00000000 0.00317500
v -0.02199858 -0.00969555 0.00317500
v -0.01944588 -0.00969555 0.00317500
v -0.01851153 -0.01062990 0.00317500
v -0.01816953 -0.01190625 0.00317500
v -0.02293293 -0.01062990 0.00317500
v -0.02327493 -0.01190625 0.00317500
v -0.02293293 -0.01318260 0.00317500
v -0.02199858 -0.01411695 0.00317500
v -0.01851153 0.01062990 0.00317500
v -0.01816953 0.01190625 0.00317500
v -0.01851153 0.01318260 0.00317500
v -0.01944588 0.01411695 0.00317500
v -0.02293293 0.01318260 0.00317500
v -0.02327493 0.01190625 0.00317500
v -0.02293293 0.01062990 0.00317500
v -0.02199858 0.00969555 0.00317500
v -0.01944588 0.00969555 0.00317500
v -0.02072223 0.00935355 0.00317500
v -0.02199858 0.01411695 0.00317500
v -0.02072223 0.01445895 0.00317500
v -0.00852010 0.01611630 0.00317500
v 0.00245270 0.02381250 0.00317500
v 0.00211070 0.02253615 0.00317500
v 0.00117635 0.02160180 0.00317500
v -0.00010000 0.02125980 0.00317500
v -0.00137635 0.02160180 0.00317500
v -0.00231070 0.02253615 0.00317500
v -0.00265270 0.02381250 0.00317500
v 0.00211070 0.02508885 0.00317500
v 0.00117635 0.02602320 0.00317500
v -0.00010000 0.02636520 0.00317500
v -0.00137635 0.02602320 0.00317500
v -0.00231070 0.02508885 0.00317500
v 0.02052223 0.01445895 0.00317500
v 0.02179858 0.01411695 0.00317500
v 0.01924588 0.01411695 0.00317500
v 0.01831153 0.01318260 0.00317500
v 0.02052223 0.00935355 0.00317500
v 0.01924588 0.00969555 0.00317500
v 0.01831153 0.01062990 0.00317500
v 0.01796953 0.01190625 0.00317500
v 0.02273293 0.01318260 0.00317500
v 0.02307493 0.01190625 0.00317500
v 0.02179858 0.00969555 0.00317500
v 0.02273293 0.01062990 0.00317500
v -0.00603524 0.01299637 0.00317500
v -0.00213332 0.01414207 0.00317500
v 0.00193332 0.01414207 0.00317500
v 0.00583524 0.01299637 0.00317500
v 0.00925632 0.01079777 0.00317500
v -0.01211941 0.00772441 0.00317500
v -0.00945632 0.01079777 0.00317500
v -0.01380876 -0.00402525 0.00317500
v -0.01380876 0.00402525 0.00317500
v -0.00213332 -0.01414207 0.00317500
v -0.00603524 -0.01299637 0.00317500
v -0.00945632 -0.01079777 0.00317500
v -0.01211941 -0.00772441 0.00317500
v 0.00193332 -0.01414207 0.00317500
v 0.00583524 -0.01299637 0.00317500
v 0.01191941 0.00772441 0.00317500
v 0.01360876 0.00402525 0.00317500
v 0.01360876 -0.00402525 0.00317500
v 0.01191941 -0.00772441 0.00317500
v 0.00925632 -0.01079777 0.00317500
v 0.01359530 -0.00240291 0.00817500
v 0.01342296 -0.00362347 0.06867500
v 0.01129074 -0.00832072 0.06867500
v 0.01088534 -0.00884905 0.00817500
v 0.00690000 -0.01212436 0.06867500
v 0.00690000 -0.01212436 0.00817500
v 0.00207083 -0.01393810 0.06867500
v 0.00141058 -0.01402503 0.00817500
v -0.00372347 -0.01352296 0.06867500
v -0.00372347 -0.01352296 0.00817500
v -0.00842071 -0.01139074 0.06867500
v -0.00894905 -0.01098534 0.00817500
v -0.01300132 -0.00570431 0.06867500
v -0.01348058 -0.00467343 0.00817500
v -0.01412503 0.00151058 0.06867500
v -0.01410000 0.00000000 0.00817500
v -0.01343992 0.00497288 0.00817500
v -0.01222436 0.00700000 0.06867500
v -0.00894905 0.01098534 0.06867500
v -0.00842072 0.01139074 0.00817500
v -0.00227083 0.01393810 0.06867500
v -0.00161058 0.01402503 0.00817500
v 0.00498906 0.01315617 0.06867500
v 0.00560431 0.01290132 0.00817500
v 0.01088534 0.00884905 0.06867500
v 0.01129074 0.00832072 0.00817500
v 0.01383810 0.00217083 0.06867500
v 0.01342296 0.00362347 0.00817500
v 0.02734212 -0.00299984 0.00317500
v 0.02725354 -0.00170600 0.00817500
v 0.02481097 -0.01189590 0.00817500
v 0.02440534 -0.01271051 0.00317500
v 0.01883149 -0.02009148 0.00817500
v 0.01815899 -0.02070454 0.00317500
v 0.01029520 -0.02557359 0.00817500
v 0.00944665 -0.02590233 0.00317500
v 0.00035500 -0.02760185 0.00817500
v -0.00055500 -0.02760185 0.00317500
v -0.00964665 -0.02590232 0.00817500
v -0.01049521 -0.02557359 0.00317500
v -0.01667245 -0.02194547 0.00817500
v -0.01667245 -0.02194547 0.00317500
v -0.02185254 -0.01699693 0.00817500
v -0.02240094 -0.01627073 0.00317500
v -0.02695348 -0.00692148 0.00817500
v -0.02574299 -0.00993415 0.00317500
v -0.02762608 -0.00209372 0.00317500
v -0.02745354 0.00170599 0.00817500
v -0.02652364 0.00799124 0.00317500
v -0.02501098 0.01189589 0.00817500
v -0.02185254 0.01699694 0.00317500
v -0.01903149 0.02009148 0.00817500
v -0.01667245 0.02194547 0.00317500
v -0.01049520 0.02557359 0.00817500
v -0.00964665 0.02590232 0.00317500
v -0.00055500 0.02760185 0.00817500
v 0.00035500 0.02760185 0.00317500
v 0.00944665 0.02590232 0.00817500
v 0.01029520 0.02557359 0.00317500
v 0.01647245 0.02194547 0.00817500
v 0.01647245 0.02194547 0.00317500
v 0.02165255 0.01699693 0.00817500
v 0.02220095 0.01627073 0.00317500
v 0.02675348 0.00692147 0.00817500
v 0.02657268 0.00711597 0.00317500
v 0.01390000 0.00000000 0.00817500
v 0.02740000 0.00000000 0.00817500
v -0.02760000 0.00000000 0.00817500
v 0.01390000 0.00000000 0.06867500
v 0.01370906 -0.00230432 0.06867500
v 0.01221263 -0.00666326 0.06867500
v 0.01370906 0.00230432 0.06867500
v 0.01094797 0.00859898 0.06867500
v 0.01221263 0.00666326 0.06867500
v 0.01314144 0.00454579 0.06867500
v 0.00552374 0.01282083 0.06867500
v 0.00755727 0.01172033 0.06867500
v 0.00938194 0.01030013 0.06867500
v -0.00125611 0.01395218 0.06867500
v 0.00105611 0.01395218 0.06867500
v 0.00333680 0.01357160 0.06867500
v -0.00775727 0.01172033 0.06867500
v -0.00572374 0.01282083 0.06867500
v -0.00353680 0.01357160 0.06867500
v -0.01241263 0.00666326 0.06867500
v -0.01114797 0.00859898 0.06867500
v -0.00958194 0.01030013 0.06867500
v -0.01410000 0.00000000 0.06867500
v -0.01390906 0.00230432 0.06867500
v -0.01334144 0.00454579 0.06867500
v -0.01241263 -0.00666326 0.06867500
v -0.01334144 -0.00454579 0.06867500
v -0.01390906 -0.00230432 0.06867500
v -0.00775727 -0.01172033 0.06867500
v -0.00958194 -0.01030013 0.06867500
v -0.01114797 -0.00859898 0.06867500
v -0.00125611 -0.01395218 0.06867500
v -0.00353680 -0.01357160 0.06867500
v -0.00572374 -0.01282083 0.06867500
v 0.00552374 -0.01282083 0.06867500
v 0.00333680 -0.01357160 0.06867500
v 0.00105611 -0.01395218 0.06867500
v 0.01094797 -0.00859898 0.06867500
v 0.00938194 -0.01030013 0.06867500
v 0.00755727 -0.01172033 0.06867500
v 0.01314144 -0.00454579 0.06867500
f 1 2 3
f 3 2 4
f 3 4 5
f 5 4 6
f 5 6 7
f 7 6 8
f 7 8 9
f 9 8 10
f 9 10 11
f 11 10 12
f 11 12 13
f 13 12 14
f 13 14 15
f 15 14 16
f 15 16 17
f 17 16 18
f 17 18 19
f 19 18 20
f 19 20 21
f 21 20 22
f 21 22 23
f 23 22 24
f 23 24 25
f 25 24 26
f 25 26 27
f 27 26 28
f 27 28 29
f 29 28 30
f 29 30 31
f 31 30 32
f 31 32 33
f 33 32 34
f 33 34 35
f 35 34 36
f 35 36 37
f 37 36 38
f 37 38 39
f 39 38 40
f 39 40 41
f 41 40 42
f 41 42 43
f 43 42 44
f 43 44 45
f 45 44 46
f 45 46 47
f 47 46 48
f 47 48 49
f 49 48 50
f 49 50 51
f 51 50 52
f 51 52 53
f 53 52 54
f 53 54 55
f 55 54 56
f 55 56 57
f 57 56 58
f 57 58 59
f 59 58 60
f 59 60 61
f 61 60 62
f 61 62 63
f 63 62 64
f 63 64 65
f 65 64 66
f 65 66 67
f 67 66 68
f 67 68 69
f 69 68 70
f 69 70 71
f 71 70 72
f 71 72 73
f 73 72 74
f 73 74 75
f 75 74 76
f 75 76 1
f 1 76 2
f 39 41 77
f 43 78 41
f 41 78 77
f 45 79 43
f 43 79 78
f 47 80 45
f 45 80 79
f 49 81 47
f 47 81 80
f 51 82 49
f 49 82 81
f 53 83 51
f 51 83 82
f 55 84 53
f 53 84 83
f 57 85 55
f 55 85 84
f 59 86 57
f 57 86 85
f 61 87 59
f 59 87 86
f 88 89 63
f 63 89 61
f 61 89 87
f 88 63 65
f 88 65 90
f 90 65 67
f 90 67 91
f 91 67 69
f 71 92 69
f 69 92 91
f 93 94 75
f 75 94 73
f 73 94 71
f 71 94 92
f 93 75 95
f 95 75 1
f 95 1 96
f 96 1 3
f 96 3 97
f 97 3 5
f 97 5 98
f 98 5 7
f 11 99 9
f 9 99 100
f 9 100 7
f 7 100 98
f 13 101 11
f 11 101 99
f 15 102 13
f 13 102 101
f 103 104 17
f 17 104 15
f 15 104 102
f 103 17 19
f 103 19 105
f 105 19 21
f 105 21 106
f 106 21 23
f 106 23 107
f 107 23 25
f 107 25 108
f 108 25 27
f 108 27 109
f 109 27 29
f 109 29 110
f 110 29 31
f 35 111 33
f 33 111 112
f 33 112 31
f 31 112 110
f 37 113 35
f 35 113 111
f 77 114 39
f 39 114 115
f 39 115 37
f 37 115 113
f 116 117 118
f 118 117 97
f 118 97 119
f 119 97 120
f 120 97 121
f 121 97 122
f 121 122 123
f 123 122 124
f 124 122 125
f 125 122 126
f 126 122 99
f 126 99 127
f 127 99 128
f 128 99 101
f 128 101 129
f 129 101 130
f 130 101 131
f 131 101 132
f 131 132 133
f 133 132 134
f 134 132 135
f 135 132 136
f 136 132 105
f 136 105 137
f 137 105 138
f 138 105 139
f 139 105 140
f 139 140 141
f 141 140 142
f 142 140 143
f 143 140 144
f 144 140 145
f 144 145 146
f 146 145 147
f 147 145 148
f 148 145 149
f 149 145 150
f 149 150 151
f 151 150 152
f 152 150 153
f 153 150 154
f 154 150 111
f 154 111 155
f 155 111 156
f 156 111 157
f 156 157 158
f 158 157 159
f 159 157 160
f 160 157 161
f 161 157 162
f 161 162 163
f 163 162 164
f 164 162 165
f 165 162 78
f 165 78 166
f 166 78 167
f 167 78 80
f 167 80 168
f 168 80 169
f 169 80 170
f 170 80 81
f 170 81 171
f 171 81 172
f 172 81 82
f 172 82 173
f 173 82 174
f 174 82 175
f 175 82 176
f 175 176 177
f 177 176 178
f 178 176 179
f 179 176 180
f 180 176 86
f 180 86 181
f 181 86 182
f 182 86 183
f 183 86 87
f 183 87 184
f 184 87 185
f 185 87 186
f 185 186 187
f 187 186 188
f 188 186 189
f 189 186 190
f 190 186 90
f 190 90 191
f 191 90 192
f 192 90 193
f 192 193 194
f 194 193 195
f 195 193 196
f 196 193 197
f 196 197 198
f 198 197 199
f 199 197 200
f 200 197 201
f 200 201 202
f 202 201 203
f 203 201 117
f 203 117 204
f 204 117 116
f 117 96 97
f 97 98 122
f 122 98 100
f 122 100 99
f 101 102 132
f 132 102 104
f 132 104 103
f 132 103 105
f 105 106 140
f 140 106 107
f 140 107 108
f 140 108 145
f 145 108 109
f 145 109 110
f 145 110 150
f 150 110 112
f 150 112 111
f 111 113 157
f 157 113 115
f 157 115 77
f 157 77 162
f 162 77 78
f 78 79 80
f 82 83 176
f 176 83 84
f 176 84 85
f 176 85 86
f 87 89 186
f 186 89 88
f 186 88 90
f 90 91 193
f 193 91 92
f 193 92 197
f 197 92 94
f 197 94 201
f 201 94 93
f 201 93 117
f 117 93 96
f 205 206 207
f 207 206 208
f 209 210 211
f 211 210 212
f 211 212 213
f 214 215 216
f 216 215 217
f 216 217 218
f 219 220 221
f 221 220 222
f 221 222 223
f 223 222 224
f 223 224 225
f 225 224 226
f 225 226 227
f 227 226 228
f 227 228 229
f 229 228 230
f 229 230 231
f 231 230 232
f 231 232 233
f 233 232 234
f 233 234 235
f 235 234 236
f 235 236 237
f 237 236 238
f 237 238 239
f 239 238 240
f 239 240 241
f 241 240 242
f 241 242 243
f 243 242 244
f 243 244 245
f 245 244 246
f 245 246 247
f 247 246 248
f 247 248 249
f 249 248 250
f 249 250 251
f 251 250 252
f 251 252 253
f 253 252 254
f 253 254 255
f 255 254 256
f 255 256 257
f 257 256 258
f 257 258 259
f 259 258 260
f 259 260 261
f 261 260 262
f 261 262 263
f 263 262 264
f 263 264 265
f 265 264 266
f 265 266 267
f 267 266 268
f 267 268 269
f 269 268 270
f 269 270 271
f 271 270 272
f 271 272 273
f 273 272 274
f 273 274 275
f 275 274 276
f 275 276 219
f 219 276 220
f 277 278 279
f 279 278 280
f 279 280 281
f 278 277 282
f 278 282 283
f 283 282 284
f 285 286 287
f 287 286 288
f 288 286 289
f 289 286 290
f 291 292 293
f 293 292 294
f 295 296 297
f 297 296 293
f 297 293 294
f 296 295 298
f 296 298 290
f 290 298 289
f 299 300 301
f 301 300 302
f 301 302 303
f 304 305 306
f 306 305 307
f 308 292 309
f 309 292 291
f 310 311 309
f 309 311 308
f 312 311 313
f 313 311 310
f 314 312 315
f 315 312 313
f 293 315 313
f 313 310 293
f 293 310 309
f 293 309 291
f 296 305 315
f 296 315 293
f 314 315 316
f 316 315 304
f 304 315 305
f 306 307 317
f 317 307 318
f 300 299 319
f 300 319 318
f 318 319 317
f 320 321 302
f 302 321 303
f 322 321 323
f 323 321 320
f 324 325 323
f 323 325 322
f 326 325 327
f 327 325 324
f 302 328 327
f 327 324 302
f 302 324 323
f 302 323 320
f 329 326 328
f 328 326 327
f 329 328 330
f 330 328 331
f 331 328 332
f 300 332 328
f 300 328 302
f 331 332 333
f 333 332 334
f 333 334 335
f 335 334 336
f 337 338 339
f 339 338 340
f 341 342 343
f 343 342 339
f 343 339 340
f 342 341 344
f 342 344 336
f 336 344 335
f 345 338 346
f 346 338 337
f 347 348 346
f 346 348 345
f 349 348 350
f 350 348 347
f 342 351 352
f 342 352 339
f 339 352 350
f 350 347 339
f 339 347 346
f 339 346 337
f 353 349 352
f 352 349 350
f 353 352 354
f 354 352 355
f 355 352 351
f 355 351 356
f 356 351 357
f 356 357 358
f 358 357 359
f 360 361 362
f 360 362 359
f 359 362 358
f 361 360 363
f 363 360 364
f 363 364 365
f 360 366 367
f 360 367 364
f 368 369 364
f 364 369 365
f 368 370 369
f 369 370 371
f 372 373 370
f 370 373 371
f 374 373 375
f 375 373 372
f 364 367 375
f 375 372 364
f 364 372 370
f 364 370 368
f 376 374 367
f 367 374 375
f 376 367 377
f 377 367 378
f 378 367 366
f 378 366 379
f 379 366 380
f 379 380 381
f 381 380 382
f 215 214 383
f 215 383 381
f 215 381 382
f 384 385 217
f 217 385 218
f 386 385 387
f 387 385 384
f 388 389 387
f 387 389 386
f 390 389 391
f 391 389 388
f 392 390 393
f 393 390 391
f 387 384 388
f 388 384 217
f 388 217 391
f 391 217 393
f 215 394 393
f 215 393 217
f 392 393 395
f 395 393 396
f 396 393 394
f 396 394 397
f 397 394 398
f 397 398 399
f 399 398 400
f 401 402 403
f 401 403 404
f 404 403 400
f 400 403 399
f 402 401 405
f 405 401 406
f 405 406 407
f 408 409 406
f 406 409 407
f 408 410 409
f 409 410 411
f 412 413 410
f 410 413 411
f 414 413 415
f 415 413 412
f 416 414 417
f 417 414 415
f 416 417 418
f 418 417 419
f 419 417 420
f 406 417 415
f 415 412 406
f 406 412 410
f 406 410 408
f 401 420 417
f 401 417 406
f 419 420 421
f 421 420 422
f 421 422 423
f 423 422 424
f 210 209 425
f 210 425 424
f 424 425 423
f 426 427 212
f 212 427 213
f 428 427 429
f 429 427 426
f 430 431 429
f 429 431 428
f 432 431 433
f 433 431 430
f 212 434 433
f 433 430 212
f 212 430 429
f 212 429 426
f 435 432 434
f 434 432 433
f 435 434 436
f 436 434 437
f 437 434 438
f 210 438 434
f 210 434 212
f 437 438 439
f 439 438 440
f 439 440 441
f 441 440 442
f 443 444 445
f 445 444 446
f 445 446 447
f 448 449 450
f 450 449 451
f 450 451 452
f 453 454 455
f 455 454 456
f 455 456 457
f 457 456 458
f 459 460 461
f 459 461 442
f 442 461 441
f 462 463 464
f 462 464 458
f 458 464 457
f 463 462 465
f 465 462 466
f 465 466 467
f 460 459 468
f 468 459 469
f 468 469 470
f 471 472 469
f 469 472 470
f 473 471 474
f 474 471 469
f 474 469 475
f 475 469 476
f 474 477 473
f 473 477 478
f 471 473 472
f 472 473 478
f 479 477 475
f 475 477 474
f 480 479 476
f 476 479 475
f 459 454 476
f 459 476 469
f 480 476 481
f 481 476 453
f 453 476 454
f 482 483 466
f 466 483 467
f 484 483 485
f 485 483 482
f 486 487 485
f 485 487 484
f 488 487 489
f 489 487 486
f 466 490 489
f 489 486 466
f 466 486 485
f 466 485 482
f 462 491 490
f 462 490 466
f 492 488 490
f 490 488 489
f 493 491 494
f 494 491 495
f 492 490 496
f 496 490 493
f 493 490 491
f 494 495 497
f 497 495 498
f 449 448 499
f 449 499 498
f 498 499 497
f 500 501 451
f 451 501 452
f 502 501 503
f 503 501 500
f 504 505 503
f 503 505 502
f 506 505 507
f 507 505 504
f 503 500 504
f 504 500 451
f 504 451 507
f 507 451 508
f 509 506 508
f 508 506 507
f 449 510 508
f 449 508 451
f 509 508 511
f 511 508 512
f 512 508 510
f 512 510 513
f 513 510 514
f 515 447 516
f 516 447 446
f 513 514 517
f 517 514 518
f 444 443 519
f 444 519 518
f 518 519 517
f 444 520 521
f 444 521 446
f 522 516 523
f 523 516 446
f 523 446 524
f 524 446 521
f 525 515 522
f 522 515 516
f 526 525 523
f 523 525 522
f 527 526 524
f 524 526 523
f 528 527 521
f 521 527 524
f 528 521 529
f 529 521 530
f 530 521 520
f 531 532 280
f 280 532 281
f 531 533 532
f 532 533 534
f 208 206 533
f 533 206 534
f 535 536 537
f 537 536 538
f 539 540 537
f 537 540 535
f 541 540 542
f 542 540 539
f 543 544 545
f 545 544 546
f 547 548 544
f 544 548 546
f 549 548 550
f 550 548 547
f 551 552 553
f 553 552 554
f 553 554 555
f 556 557 554
f 554 557 555
f 558 557 559
f 559 557 556
f 560 561 559
f 559 561 558
f 562 561 563
f 563 561 560
f 564 562 565
f 565 562 563
f 564 565 566
f 566 565 287
f 287 565 285
f 559 556 560
f 560 556 554
f 560 554 563
f 563 554 565
f 552 285 565
f 552 565 554
f 552 551 567
f 552 567 568
f 568 567 569
f 569 567 570
f 571 572 570
f 570 572 569
f 543 545 573
f 573 545 574
f 575 576 577
f 577 576 573
f 577 573 574
f 578 579 571
f 571 579 572
f 580 549 581
f 581 549 550
f 580 581 582
f 582 581 578
f 578 581 579
f 544 543 547
f 547 543 573
f 547 573 550
f 550 573 581
f 576 579 581
f 576 581 573
f 576 575 583
f 576 583 584
f 584 583 585
f 366 360 380
f 351 342 357
f 586 587 588
f 589 226 224
f 215 400 398
f 215 398 394
f 380 360 359
f 380 359 382
f 382 359 264
f 264 359 357
f 336 266 264
f 336 264 357
f 336 357 342
f 270 268 290
f 520 444 590
f 590 444 518
f 244 242 458
f 318 296 290
f 222 584 587
f 591 278 592
f 592 278 283
f 458 242 240
f 458 240 238
f 454 459 456
f 296 318 307
f 296 307 305
f 224 222 589
f 589 222 587
f 589 587 586
f 283 230 228
f 283 228 226
f 258 382 260
f 260 382 262
f 262 382 264
f 258 256 382
f 382 256 254
f 382 254 252
f 220 584 222
f 462 498 495
f 462 495 491
f 424 442 210
f 210 442 440
f 404 400 442
f 456 459 458
f 458 459 442
f 458 442 244
f 244 442 246
f 246 442 248
f 248 442 250
f 285 552 286
f 270 290 272
f 272 290 274
f 592 283 226
f 592 226 589
f 283 590 230
f 230 590 518
f 230 518 232
f 232 518 234
f 438 210 440
f 420 401 422
f 400 215 382
f 400 382 442
f 442 382 252
f 442 252 250
f 332 300 334
f 286 552 568
f 286 568 290
f 442 424 404
f 404 424 422
f 404 422 401
f 318 290 268
f 569 276 274
f 569 274 568
f 568 274 290
f 220 276 584
f 584 276 569
f 584 569 576
f 576 569 572
f 576 572 579
f 510 449 514
f 462 458 498
f 498 458 238
f 498 238 236
f 334 300 336
f 336 300 318
f 336 318 268
f 336 268 266
f 514 449 518
f 518 449 498
f 518 498 236
f 518 236 234
f 593 587 585
f 585 587 584
f 594 588 593
f 593 588 587
f 595 541 596
f 596 541 542
f 595 596 597
f 597 596 594
f 594 596 588
f 538 536 598
f 598 536 599
f 600 586 601
f 601 586 598
f 601 598 599
f 537 538 539
f 539 538 598
f 539 598 542
f 542 598 596
f 586 588 596
f 586 596 598
f 586 600 602
f 586 602 589
f 589 602 603
f 604 592 603
f 603 592 589
f 605 591 604
f 604 591 592
f 606 607 608
f 608 607 605
f 605 607 591
f 606 205 607
f 607 205 207
f 530 520 609
f 609 520 590
f 609 590 284
f 284 590 283
f 278 591 607
f 278 607 280
f 280 607 207
f 207 208 280
f 280 208 533
f 280 533 531
f 610 611 612
f 612 611 613
f 613 611 614
f 613 614 615
f 615 614 616
f 615 616 617
f 617 616 618
f 617 618 619
f 619 618 620
f 619 620 621
f 621 620 622
f 621 622 623
f 623 622 624
f 623 624 625
f 625 624 626
f 626 624 627
f 626 627 628
f 628 627 629
f 628 629 630
f 630 629 631
f 630 631 632
f 632 631 633
f 632 633 634
f 634 633 635
f 634 635 610
f 610 635 611
f 636 615 637
f 625 638 623
f 639 626 640
f 641 613 615
f 615 636 641
f 637 615 617
f 637 617 642
f 619 643 642
f 619 642 617
f 628 644 640
f 628 640 626
f 632 645 646
f 647 621 623
f 647 623 638
f 626 639 625
f 625 639 638
f 630 648 649
f 630 649 628
f 628 649 644
f 632 646 630
f 630 646 648
f 634 650 632
f 632 650 645
f 610 650 634
f 619 651 643
f 621 647 651
f 621 651 619
f 650 610 652
f 652 610 612
f 641 653 613
f 613 653 652
f 613 652 612
f 654 655 656
f 652 657 658
f 658 657 659
f 658 659 660
f 654 638 661
f 654 661 655
f 662 654 647
f 647 654 656
f 647 656 651
f 651 663 643
f 642 664 637
f 637 665 636
f 641 666 653
f 653 667 652
f 652 658 668
f 668 658 650
f 650 658 660
f 650 660 645
f 645 660 669
f 646 670 648
f 649 671 672
f 649 672 644
f 640 673 639
f 638 654 662
f 655 674 656
f 656 674 675
f 656 675 651
f 651 675 676
f 651 676 663
f 663 676 677
f 663 677 678
f 663 678 643
f 643 678 679
f 643 679 642
f 642 679 680
f 642 680 664
f 664 680 681
f 664 681 637
f 637 681 682
f 637 682 665
f 665 682 683
f 665 683 636
f 636 683 684
f 636 684 641
f 641 684 685
f 641 685 666
f 666 685 686
f 666 686 653
f 653 686 687
f 653 687 667
f 667 687 688
f 667 688 652
f 652 688 657
f 657 688 689
f 657 689 690
f 657 690 691
f 691 690 692
f 691 692 659
f 659 692 693
f 659 693 660
f 660 693 694
f 660 694 669
f 669 694 695
f 669 695 696
f 669 696 645
f 645 696 697
f 645 697 646
f 646 697 698
f 646 698 670
f 670 698 699
f 670 699 648
f 648 699 700
f 648 700 649
f 649 700 701
f 649 701 671
f 671 701 702
f 671 702 703
f 671 703 672
f 672 703 644
f 644 703 704
f 644 704 640
f 640 704 705
f 640 705 706
f 640 706 673
f 673 706 707
f 673 707 639
f 639 707 708
f 639 708 638
f 638 708 709
f 638 709 661
f 661 709 710
f 661 710 711
f 711 710 655
f 655 710 674
f 682 681 712
f 682 712 683
f 690 689 713
f 690 713 693
f 693 713 694
f 702 701 714
f 702 714 703
f 710 715 674
f 674 715 716
f 674 716 675
f 675 716 717
f 675 717 676
f 676 717 718
f 676 718 677
f 677 718 678
f 678 718 719
f 678 719 679
f 679 719 680
f 680 719 720
f 680 720 681
f 681 720 712
f 712 720 721
f 712 721 683
f 683 721 722
f 683 722 684
f 684 722 685
f 685 722 723
f 685 723 686
f 686 723 687
f 687 723 724
f 687 724 688
f 688 724 725
f 688 725 689
f 689 725 713
f 694 713 726
f 694 726 695
f 695 726 696
f 696 726 727
f 696 727 697
f 697 727 728
f 697 728 698
f 698 728 699
f 699 728 729
f 699 729 700
f 700 729 701
f 701 729 714
f 714 729 730
f 714 730 703
f 703 730 731
f 703 731 704
f 704 731 705
f 705 731 732
f 705 732 706
f 706 732 707
f 707 732 733
f 707 733 708
f 708 733 709
f 709 733 715
f 709 715 710
f 715 734 735
f 715 735 716
f 716 735 736
f 716 736 737
f 716 737 738
f 716 738 717
f 717 738 739
f 717 739 740
f 717 740 741
f 717 741 718
f 718 741 742
f 718 742 743
f 718 743 744
f 718 744 745
f 718 745 719
f 719 745 746
f 719 746 747
f 719 747 748
f 719 748 749
f 719 749 720
f 720 749 750
f 720 750 751
f 720 751 752
f 720 752 721
f 721 752 753
f 721 753 754
f 721 754 755
f 721 755 722
f 722 755 756
f 722 756 757
f 722 757 758
f 722 758 759
f 722 759 723
f 723 759 760
f 723 760 761
f 723 761 762
f 723 762 763
f 723 763 724
f 724 763 764
f 724 764 765
f 724 765 766
f 724 766 725
f 725 766 767
f 725 767 768
f 725 768 769
f 725 769 770
f 725 770 713
f 713 770 771
f 713 771 772
f 713 772 773
f 713 773 726
f 726 773 774
f 726 774 775
f 726 775 776
f 726 776 777
f 726 777 727
f 727 777 778
f 728 727 779
f 728 779 780
f 728 780 781
f 728 781 782
f 728 782 729
f 729 782 783
f 729 783 784
f 729 784 785
f 729 785 786
f 729 786 787
f 729 787 730
f 730 787 788
f 730 788 789
f 730 789 790
f 730 790 731
f 731 790 791
f 731 791 792
f 731 792 793
f 731 793 794
f 731 794 732
f 732 794 795
f 732 795 796
f 732 796 797
f 732 797 733
f 733 797 798
f 733 798 799
f 733 799 800
f 733 800 801
f 733 801 715
f 715 801 802
f 715 802 803
f 715 803 804
f 715 804 734
f 805 806 807
f 807 808 805
f 807 809 808
f 807 810 809
f 807 811 810
f 807 812 811
f 807 813 812
f 807 814 815
f 807 816 814
f 817 818 807
f 807 818 816
f 819 817 807
f 820 819 807
f 807 806 820
f 821 805 822
f 822 805 808
f 822 808 823
f 823 808 824
f 824 808 809
f 824 809 825
f 825 809 826
f 826 809 810
f 826 810 827
f 827 810 811
f 827 811 828
f 828 811 812
f 828 812 829
f 829 812 813
f 829 813 830
f 830 813 815
f 830 815 831
f 831 815 832
f 832 815 814
f 832 814 833
f 833 814 816
f 833 816 834
f 834 816 818
f 834 818 835
f 835 818 817
f 835 817 836
f 836 817 837
f 837 817 819
f 837 819 838
f 838 819 820
f 838 820 839
f 839 820 806
f 839 806 840
f 840 806 841
f 840 841 821
f 821 841 805
f 830 842 843
f 830 843 829
f 829 843 844
f 829 844 828
f 828 844 845
f 828 845 827
f 827 845 846
f 827 846 826
f 826 846 847
f 826 847 825
f 825 847 848
f 825 848 824
f 824 848 849
f 824 849 823
f 823 849 850
f 823 850 822
f 822 850 840
f 840 850 851
f 840 851 839
f 839 851 838
f 838 851 852
f 838 852 853
f 838 853 837
f 837 853 854
f 837 854 836
f 836 854 855
f 836 855 835
f 835 855 856
f 835 856 834
f 834 856 857
f 834 857 833
f 833 857 858
f 833 858 832
f 832 858 842
f 832 842 830
f 859 860 861
f 862 863 859
f 859 863 860
f 864 865 859
f 859 865 866
f 859 866 862
f 867 868 869
f 863 870 860
f 860 870 871
f 860 871 872
f 872 871 873
f 872 873 868
f 868 873 874
f 868 874 869
f 869 875 867
f 867 875 876
f 867 876 864
f 864 876 877
f 864 877 865
f 878 879 880
f 881 882 879
f 879 882 883
f 881 879 884
f 884 879 878
f 884 878 885
f 886 887 878
f 878 887 888
f 878 888 885
f 882 889 883
f 883 889 890
f 883 890 891
f 891 890 892
f 891 892 893
f 892 894 893
f 893 894 895
f 893 895 886
f 886 895 896
f 886 896 887
f 897 898 899
f 900 901 902
f 903 904 897
f 897 904 905
f 905 906 897
f 897 906 907
f 897 907 898
f 907 908 898
f 898 908 909
f 898 909 910
f 910 909 911
f 910 911 901
f 901 911 912
f 901 912 902
f 902 913 900
f 900 913 914
f 900 914 903
f 903 914 915
f 903 915 904
f 916 917 918
f 919 920 921
f 921 920 922
f 923 916 924
f 924 916 920
f 924 920 925
f 925 920 919
f 923 926 916
f 916 926 927
f 916 927 917
f 927 928 917
f 917 928 929
f 917 929 930
f 930 929 931
f 930 931 932
f 932 931 933
f 932 933 922
f 922 933 934
f 922 934 921
f 935 936 937
f 938 935 939
f 939 935 940
f 939 940 941
f 942 943 944
f 944 943 945
f 944 945 940
f 940 945 946
f 940 946 941
f 938 947 935
f 935 947 948
f 935 948 936
f 948 949 936
f 936 949 950
f 936 950 951
f 951 950 952
f 951 952 942
f 942 952 953
f 942 953 943
f 954 955 956
f 956 955 957
f 956 957 958
f 959 960 961
f 961 960 958
f 961 958 962
f 962 958 957
f 963 964 965
f 965 964 960
f 965 960 966
f 966 960 959
f 963 967 964
f 964 967 968
f 964 968 969
f 969 968 970
f 969 970 954
f 954 970 971
f 954 971 955
f 972 973 974
f 975 976 977
f 978 979 972
f 972 979 973
f 977 980 975
f 975 980 981
f 975 981 972
f 972 981 982
f 972 982 978
f 979 983 973
f 973 983 984
f 973 984 985
f 985 984 986
f 985 986 987
f 986 988 987
f 987 988 989
f 987 989 976
f 976 989 990
f 976 990 977
f 991 992 993
f 994 991 995
f 995 991 996
f 995 996 997
f 994 998 991
f 991 998 999
f 991 999 992
f 1000 1001 1002
f 1002 1001 1003
f 1002 1003 996
f 996 1003 1004
f 996 1004 997
f 999 1005 992
f 992 1005 1006
f 992 1006 1007
f 1007 1006 1008
f 1007 1008 1000
f 1000 1008 1009
f 1000 1009 1001
f 1010 1011 1012
f 1013 1014 1015
f 1015 1014 1016
f 1017 1018 1019
f 1019 1018 1020
f 1019 1020 1011
f 1011 1020 1021
f 1011 1021 1012
f 1012 1022 1010
f 1010 1022 1023
f 1010 1023 1015
f 1015 1023 1024
f 1015 1024 1013
f 1014 1025 1016
f 1016 1025 1026
f 1016 1026 1017
f 1017 1026 1027
f 1017 1027 1018
f 1015 1016 1028
f 1029 1030 1031
f 1031 1030 1032
f 1030 1033 1034
f 1030 1034 1032
f 993 1035 991
f 991 1035 1036
f 1028 1037 1015
f 1015 1037 1038
f 1039 1040 1041
f 1041 1040 1042
f 1043 1044 1045
f 1045 1044 1046
f 1047 1048 1049
f 1049 1048 1050
f 1049 1050 1046
f 1046 1050 1051
f 1046 1051 1045
f 1052 1053 1054
f 1054 1053 1055
f 1053 1052 1056
f 1056 1052 1057
f 1058 1059 1060
f 1060 1059 1061
f 861 1062 859
f 859 1062 1063
f 903 897 1064
f 1064 897 1065
f 900 903 1066
f 1066 903 1064
f 901 900 1067
f 1067 900 1066
f 1068 1069 1070
f 1070 1069 1071
f 898 1072 1068
f 1068 1072 1069
f 898 1073 1072
f 898 910 1073
f 1073 910 1074
f 910 901 1074
f 1074 901 1067
f 899 1075 897
f 897 1075 1065
f 918 1076 916
f 916 1076 1077
f 1078 920 1077
f 1077 920 916
f 922 920 1079
f 1079 920 1078
f 1080 932 1079
f 1079 932 922
f 930 932 1081
f 1081 932 1080
f 917 930 1082
f 1082 930 1081
f 917 1082 1083
f 917 1083 1084
f 1084 1083 1085
f 1086 1087 886
f 886 1087 893
f 1088 864 1063
f 1063 864 859
f 867 864 1089
f 1089 864 1088
f 1090 868 1089
f 1089 868 867
f 872 868 1091
f 1091 868 1090
f 860 872 1092
f 1092 872 1091
f 860 1092 1093
f 860 1093 1094
f 1094 1093 1095
f 1096 891 1087
f 1087 891 893
f 883 891 1097
f 1097 891 1096
f 879 883 1098
f 1098 883 1097
f 879 1098 1099
f 1062 861 1100
f 1100 861 1101
f 1102 1103 1101
f 1101 1103 1100
f 879 1099 1102
f 1102 1099 1103
f 1089 1088 1090
f 1090 1088 1063
f 1090 1063 1091
f 1091 1063 1092
f 1062 1093 1092
f 1062 1092 1063
f 1066 1064 1067
f 1067 1064 1065
f 1067 1065 1074
f 1074 1065 1073
f 1075 1072 1073
f 1075 1073 1065
f 1075 899 1104
f 1104 899 1105
f 1084 1085 1105
f 1105 1085 1104
f 1086 886 1106
f 1106 886 878
f 880 1107 878
f 878 1107 1106
f 1106 1098 1097
f 1097 1096 1106
f 1106 1096 1087
f 1106 1087 1086
f 1107 1099 1098
f 1107 1098 1106
f 1107 880 1071
f 1071 880 1070
f 1079 1078 1080
f 1080 1078 1077
f 1080 1077 1081
f 1081 1077 1082
f 1076 1083 1082
f 1076 1082 1077
f 1076 918 1108
f 1108 918 1109
f 1110 940 1111
f 1111 940 935
f 944 940 1112
f 1112 940 1110
f 1113 942 1112
f 1112 942 944
f 1114 1115 1109
f 1109 1115 1108
f 936 1116 1114
f 1114 1116 1115
f 936 1117 1116
f 936 951 1117
f 1117 951 1118
f 951 942 1118
f 1118 942 1113
f 1119 1120 1121
f 1121 1120 1122
f 1111 1117 1118
f 1118 1113 1111
f 1111 1113 1112
f 1111 1112 1110
f 937 1123 935
f 935 1123 1111
f 1123 937 1122
f 1122 937 1121
f 1123 1116 1117
f 1123 1117 1111
f 1124 1125 1126
f 1126 1125 1127
f 1126 1127 1128
f 1128 1127 1129
f 1128 1129 1130
f 1130 1129 1131
f 1130 1131 1132
f 1132 1131 1133
f 1132 1133 1134
f 1134 1133 1135
f 1134 1135 1136
f 1136 1135 1137
f 1136 1137 1138
f 1138 1137 1139
f 1138 1139 1140
f 1140 1139 1141
f 1140 1141 1142
f 1142 1141 1143
f 1142 1143 1144
f 1144 1143 1145
f 1144 1145 1146
f 1146 1145 1147
f 1146 1147 1148
f 1148 1147 1149
f 1148 1149 1150
f 1150 1149 1151
f 1150 1151 1152
f 1152 1151 1153
f 1152 1153 1154
f 1154 1153 1155
f 1154 1155 1156
f 1156 1155 1157
f 1156 1157 1158
f 1158 1157 1159
f 1158 1159 1160
f 1160 1159 1161
f 1160 1161 1162
f 1162 1161 1163
f 1162 1163 1164
f 1164 1163 1165
f 1164 1165 1166
f 1166 1165 1167
f 1166 1167 1168
f 1168 1167 1169
f 1168 1169 1170
f 1170 1169 1171
f 1170 1171 1172
f 1172 1171 1173
f 1172 1173 1174
f 1174 1173 1175
f 1174 1175 1176
f 1176 1175 1177
f 1176 1177 1178
f 1178 1177 1179
f 1178 1179 1180
f 1180 1179 1181
f 1180 1181 1124
f 1124 1181 1125
f 1059 1182 1183
f 1059 1183 1061
f 1059 1058 1184
f 1184 1058 1185
f 1094 1095 1185
f 1185 1095 1184
f 1186 1187 1188
f 1188 1187 1061
f 1188 1061 1189
f 1189 1061 1183
f 1187 1190 1061
f 1061 1190 1060
f 1187 1186 1190
f 1190 1186 1191
f 1188 1192 1186
f 1186 1192 1191
f 1193 1192 1189
f 1189 1192 1188
f 1194 1195 1196
f 1194 1196 1193
f 1195 1194 1197
f 1197 1194 1060
f 1197 1060 1198
f 1196 1199 1193
f 1193 1199 1200
f 1193 1200 1192
f 1192 1200 1201
f 1192 1201 1191
f 1201 1202 1191
f 1191 1202 1203
f 1191 1203 1190
f 1203 1204 1190
f 1190 1204 1205
f 1190 1205 1060
f 1060 1205 1206
f 1060 1206 1198
f 1194 1193 1183
f 1183 1193 1189
f 1060 1194 1058
f 1194 1183 1182
f 1194 1182 1207
f 1207 1182 1208
f 1207 1208 1055
f 1055 1208 1054
f 1052 1209 1210
f 1052 1210 1057
f 1211 1212 1057
f 1057 1212 1056
f 1213 1211 1214
f 1214 1211 1057
f 1214 1057 1215
f 1215 1057 1210
f 1216 1212 1213
f 1213 1212 1211
f 1214 1217 1213
f 1213 1217 1216
f 1218 1219 1056
f 1056 1219 1220
f 1219 1221 1220
f 1220 1221 1222
f 1220 1222 1223
f 1223 1222 1224
f 1223 1224 1217
f 1225 1226 1212
f 1212 1226 1056
f 1056 1226 1227
f 1056 1227 1218
f 1224 1228 1217
f 1217 1228 1229
f 1217 1229 1216
f 1216 1229 1230
f 1216 1230 1212
f 1212 1230 1231
f 1212 1231 1225
f 1056 1220 1053
f 1053 1220 1232
f 1223 1217 1215
f 1215 1217 1214
f 1220 1223 1210
f 1210 1223 1215
f 1220 1210 1232
f 1232 1210 1209
f 1209 1044 1232
f 1232 1044 1043
f 1233 1234 1235
f 1235 1234 1236
f 1237 1234 1238
f 1238 1234 1233
f 1239 1240 1238
f 1238 1240 1237
f 1241 1242 1243
f 1243 1242 1244
f 1234 1237 1245
f 1241 1243 1246
f 1246 1243 1236
f 1246 1236 1247
f 1242 1248 1244
f 1244 1248 1249
f 1244 1249 1240
f 1240 1249 1250
f 1240 1250 1237
f 1237 1250 1251
f 1237 1251 1245
f 1245 1252 1234
f 1234 1252 1253
f 1234 1253 1236
f 1236 1253 1254
f 1236 1254 1247
f 1236 1243 1048
f 1244 1240 1255
f 1255 1240 1239
f 1243 1244 1256
f 1256 1244 1255
f 1238 1233 1239
f 1239 1233 1235
f 1239 1235 1255
f 1255 1235 1256
f 1047 1257 1256
f 1047 1256 1235
f 1243 1256 1257
f 1243 1257 1258
f 1258 1257 1259
f 1258 1259 1260
f 1260 1259 1261
f 1040 1039 1262
f 1262 1039 1263
f 1262 1263 1261
f 1261 1263 1260
f 1040 1264 1265
f 1040 1265 1042
f 1266 1267 1042
f 1042 1267 1041
f 1042 1265 1268
f 1268 1269 1042
f 1042 1269 1270
f 1042 1270 1266
f 1271 1267 1270
f 1270 1267 1266
f 1269 1272 1270
f 1270 1272 1271
f 1273 1272 1268
f 1268 1272 1269
f 1274 1273 1265
f 1265 1273 1268
f 1272 1275 1271
f 1271 1275 1276
f 1271 1276 1267
f 1267 1276 1277
f 1041 1278 1279
f 1041 1279 1274
f 1277 1280 1267
f 1267 1280 1281
f 1267 1281 1041
f 1041 1281 1282
f 1041 1282 1278
f 1279 1283 1274
f 1274 1283 1284
f 1274 1284 1273
f 1273 1284 1285
f 1273 1285 1272
f 1272 1285 1286
f 1272 1286 1275
f 1041 1274 1039
f 1274 1265 1264
f 985 987 1287
f 1287 987 1288
f 973 985 1289
f 1289 985 1287
f 1290 1291 1288
f 1288 1291 1292
f 1288 1292 1287
f 1287 1292 1289
f 973 1289 1293
f 1288 987 1290
f 1290 987 976
f 976 975 1290
f 1290 975 1291
f 1291 975 1292
f 1292 975 972
f 1294 1295 1153
f 1161 1159 1296
f 1133 1131 1071
f 1297 1035 1298
f 1030 1295 1033
f 1299 1155 1153
f 1299 1153 1295
f 1299 1295 1030
f 1169 1167 1296
f 1296 1167 1165
f 1296 1165 1163
f 1296 1163 1161
f 1298 1035 1296
f 1296 1035 1300
f 1301 1037 1302
f 1093 1062 1095
f 1100 1131 1129
f 1100 1129 1127
f 1303 1304 1305
f 1305 1306 1157
f 1296 1300 1169
f 1169 1300 1171
f 1062 1100 1095
f 1095 1100 1127
f 1095 1127 1184
f 1072 1075 1069
f 1069 1075 1071
f 1071 1075 1104
f 1307 1308 1120
f 1303 1305 1309
f 1159 1157 1296
f 1296 1157 1306
f 1296 1306 1310
f 1310 1306 1311
f 1310 1311 1293
f 1310 1293 1312
f 1049 1261 1259
f 1049 1259 1257
f 1049 1257 1047
f 1182 1059 1208
f 1208 1059 1054
f 1054 1059 1184
f 1046 1177 1175
f 1046 1175 1173
f 1294 1153 1151
f 1294 1151 1149
f 1294 1149 1313
f 1309 1305 1299
f 1299 1305 1157
f 1299 1157 1155
f 1184 1127 1125
f 1184 1125 1181
f 1123 1108 1115
f 1123 1115 1116
f 1099 1107 1103
f 1103 1107 1071
f 1120 1308 1313
f 1120 1313 1122
f 1264 1040 1314
f 1262 1261 1300
f 1209 1052 1044
f 1302 1037 1315
f 1302 1315 1300
f 1300 1315 1262
f 1262 1315 1314
f 1262 1314 1040
f 1049 1046 1261
f 1261 1046 1300
f 1300 1046 1173
f 1300 1173 1171
f 1103 1071 1131
f 1103 1131 1100
f 1054 1184 1181
f 1054 1181 1179
f 1083 1076 1085
f 1313 1149 1122
f 1122 1149 1147
f 1122 1147 1145
f 1122 1145 1143
f 1044 1052 1046
f 1046 1052 1054
f 1046 1054 1179
f 1046 1179 1177
f 1071 1104 1108
f 1108 1104 1076
f 1076 1104 1085
f 1108 1123 1122
f 1108 1122 1071
f 1071 1122 1143
f 1071 1143 1141
f 1141 1139 1071
f 1071 1139 1137
f 1071 1137 1135
f 1071 1135 1133
f 1312 1293 1289
f 1312 1289 1292
f 1312 974 1310
f 1310 974 1316
f 1310 1316 1296
f 1296 1316 1317
f 1318 1298 1317
f 1317 1298 1296
f 969 1307 1119
f 1119 1307 1120
f 964 969 1319
f 969 1320 1307
f 969 954 1320
f 1320 954 1321
f 954 956 1321
f 1321 956 1322
f 1322 956 1323
f 1323 956 958
f 1324 1323 960
f 960 1323 958
f 1324 960 1325
f 1325 960 964
f 1319 1308 964
f 964 1308 1325
f 1323 1324 1322
f 1322 1324 1325
f 1322 1325 1321
f 1321 1325 1320
f 1308 1307 1320
f 1308 1320 1325
f 1308 1319 1313
f 1313 1319 1326
f 1313 1326 1294
f 1294 1326 1327
f 1328 1295 1327
f 1327 1295 1294
f 1329 1033 1328
f 1328 1033 1295
f 1330 1309 1331
f 1331 1309 1299
f 1030 1029 1299
f 1299 1029 1331
f 1332 1333 1032
f 1032 1333 1031
f 1032 1034 1334
f 1334 1335 1032
f 1032 1335 1336
f 1032 1336 1332
f 1337 1333 1336
f 1336 1333 1332
f 1031 1329 1029
f 1333 1337 1338
f 1339 1031 1340
f 1340 1031 1333
f 1340 1333 1341
f 1341 1333 1338
f 1342 1343 1344
f 1344 1343 1345
f 1344 1345 1337
f 1337 1345 1346
f 1337 1346 1338
f 1339 1347 1031
f 1031 1347 1348
f 1031 1348 1329
f 1348 1349 1329
f 1329 1349 1350
f 1329 1350 1342
f 1342 1350 1351
f 1342 1351 1343
f 1329 1034 1033
f 1329 1342 1034
f 1034 1342 1334
f 1342 1344 1334
f 1334 1344 1335
f 1335 1344 1336
f 1336 1344 1337
f 1050 1048 1243
f 1068 899 898
f 1352 1353 1354
f 1355 1356 1357
f 1102 1070 880
f 1102 880 879
f 1094 1101 861
f 1094 861 860
f 1051 1358 1359
f 1051 1359 1045
f 1045 1359 1360
f 1328 1361 1362
f 1121 1363 1119
f 1119 1363 1364
f 1176 1178 1365
f 1366 1367 1356
f 993 992 1318
f 993 1318 1356
f 1355 1357 1028
f 1355 1028 1016
f 1368 1102 1369
f 1369 1102 1101
f 1119 1326 1319
f 1119 1319 969
f 1158 1367 1156
f 1156 1367 1370
f 1156 1370 1154
f 1194 1207 1124
f 1207 1055 1124
f 1084 1105 1371
f 1371 1105 1372
f 1368 1373 1102
f 1102 1373 899
f 1102 899 1070
f 1070 899 1068
f 1374 1316 973
f 973 1316 974
f 1357 1356 1375
f 1357 1375 1354
f 1354 1375 1376
f 1354 1376 1352
f 1051 1050 1358
f 1358 1050 1243
f 1358 1243 1377
f 1377 1243 1353
f 1354 1260 1263
f 1185 1124 1126
f 1124 1185 1058
f 1124 1058 1194
f 1360 1378 1045
f 1045 1378 1365
f 1045 1365 1178
f 1045 1178 1043
f 1043 1178 1180
f 1043 1180 1232
f 1232 1180 1124
f 1232 1124 1053
f 1053 1124 1055
f 1373 1379 899
f 899 1379 1380
f 899 1380 1105
f 1105 1380 1381
f 1105 1381 1382
f 1105 1382 1372
f 1158 1160 1367
f 1367 1160 1162
f 1367 1162 1356
f 1356 1162 1164
f 1356 1164 1166
f 1356 1166 1168
f 1361 1328 1364
f 1383 1317 1384
f 1384 1317 1316
f 1384 1316 1385
f 1385 1316 1374
f 1354 1263 1039
f 1354 1039 1274
f 1114 937 936
f 1109 918 1084
f 1084 918 917
f 1365 1386 1176
f 1176 1386 1387
f 1176 1387 1174
f 1174 1387 1375
f 1174 1375 1172
f 1172 1375 1356
f 1172 1356 1170
f 1170 1356 1168
f 1383 1388 1317
f 1317 1388 1389
f 1317 1389 1366
f 1328 1327 1364
f 1364 1327 1119
f 1119 1327 1326
f 1029 1329 1328
f 1243 1258 1353
f 1353 1258 1260
f 1353 1260 1354
f 1142 1144 1121
f 1121 1144 1146
f 1121 1146 1148
f 1370 1390 1154
f 1154 1390 1363
f 1154 1363 1152
f 1152 1363 1121
f 1152 1121 1150
f 1150 1121 1148
f 1391 1134 1392
f 1392 1134 1136
f 1392 1136 1138
f 1142 1121 1392
f 1142 1392 1140
f 1140 1392 1138
f 1126 1128 1185
f 1185 1128 1130
f 1185 1130 1132
f 1114 1109 937
f 937 1109 1084
f 937 1084 1371
f 937 1371 1121
f 1121 1371 1393
f 1121 1393 1392
f 1356 1318 1317
f 1356 1317 1366
f 1328 1331 1029
f 1132 1134 1185
f 1185 1134 1391
f 1185 1391 1094
f 1094 1391 1369
f 1094 1369 1101
f 1331 1328 1362
f 1331 1362 1330
f 1384 1385 1394
f 1384 1394 1362
f 1362 1394 1330
f 1330 1394 1395
f 1395 1394 1396
f 1397 1395 1396
f 1398 1399 1400
f 1400 1399 1401
f 1400 1401 1402
f 1402 1401 1403
f 1404 1397 1405
f 1405 1397 1402
f 1405 1402 1406
f 1406 1402 1403
f 1395 1407 1408
f 1408 1407 1409
f 1408 1409 1398
f 1398 1409 1410
f 1398 1410 1399
f 1404 1411 1397
f 1397 1411 1412
f 1397 1412 1395
f 1395 1412 1413
f 1395 1413 1407
f 1414 1402 1415
f 1415 1402 1397
f 1414 1416 1402
f 1402 1416 1400
f 1417 1398 1416
f 1416 1398 1400
f 1395 1303 1330
f 1330 1303 1309
f 1395 1418 1303
f 1408 1398 1419
f 1419 1398 1417
f 1395 1408 1418
f 1418 1408 1419
f 1415 1418 1419
f 1419 1417 1415
f 1415 1417 1416
f 1415 1416 1414
f 1304 1303 1418
f 1304 1418 1415
f 973 1293 1374
f 1374 1293 1311
f 1304 1396 1305
f 1305 1396 1394
f 1305 1394 1306
f 1306 1394 1385
f 1374 1311 1385
f 1385 1311 1306
f 1420 996 1036
f 1036 996 991
f 1036 1421 1422
f 1422 1423 1036
f 1036 1423 1424
f 1036 1424 1420
f 1423 1000 1424
f 1424 1000 1002
f 1420 1424 996
f 996 1424 1002
f 992 1297 1318
f 1318 1297 1298
f 992 1421 1297
f 992 1007 1421
f 1421 1007 1422
f 1007 1000 1422
f 1422 1000 1423
f 1035 1297 1421
f 1035 1421 1036
f 1035 993 1356
f 1035 1356 1300
f 1355 1302 1356
f 1356 1302 1300
f 1037 1028 1315
f 1315 1028 1357
f 1016 1301 1355
f 1355 1301 1302
f 1425 1010 1038
f 1038 1010 1015
f 1011 1010 1426
f 1426 1010 1425
f 1427 1019 1426
f 1426 1019 1011
f 1017 1019 1428
f 1428 1019 1427
f 1016 1017 1429
f 1429 1017 1428
f 1016 1429 1301
f 1274 1264 1354
f 1354 1264 1314
f 1354 1314 1357
f 1357 1314 1315
f 1038 1429 1428
f 1428 1427 1038
f 1038 1427 1426
f 1038 1426 1425
f 1037 1301 1429
f 1037 1429 1038
f 1430 1431 1432
f 1432 1431 1433
f 1434 1435 1436
f 1436 1435 1437
f 1438 1439 1440
f 1438 1440 1441
f 1438 1441 1442
f 1442 1441 1443
f 1444 1445 1446
f 1446 1445 1447
f 1446 1447 1439
f 1439 1447 1440
f 1448 1449 1450
f 1450 1449 1430
f 1430 1449 1431
f 1451 1452 1453
f 1453 1452 1454
f 1431 1455 1433
f 1433 1455 1444
f 1444 1455 1445
f 1437 1435 1456
f 1437 1456 1448
f 1448 1456 1449
f 1457 1458 1434
f 1434 1458 1435
f 1441 1459 1443
f 1443 1459 1451
f 1451 1459 1452
f 1460 1461 1462
f 1462 1461 1457
f 1457 1461 1458
f 1454 1452 1463
f 1454 1463 1460
f 1460 1463 1461
f 1449 1464 1431
f 1465 1466 1467
f 1467 1466 1468
f 1467 1468 1469
f 1470 1471 1472
f 1472 1471 1473
f 1472 1473 1474
f 1475 1476 1477
f 1477 1476 1478
f 1469 1468 1479
f 1469 1479 1475
f 1475 1479 1476
f 1480 1481 1482
f 1482 1481 1465
f 1465 1481 1466
f 1474 1473 1480
f 1480 1473 1481
f 1483 1484 1470
f 1470 1484 1471
f 1485 1486 1487
f 1487 1486 1483
f 1483 1486 1484
f 1488 1489 1485
f 1485 1489 1490
f 1485 1490 1486
f 1491 1492 1493
f 1493 1492 1489
f 1493 1489 1488
f 1476 1494 1478
f 1478 1494 1495
f 1496 1497 1491
f 1491 1497 1492
f 1494 1498 1495
f 1495 1498 1499
f 1499 1498 1496
f 1496 1498 1497
f 1500 1449 1456
f 1500 1456 1501
f 1501 1456 1435
f 1501 1435 1502
f 1502 1435 1458
f 1502 1458 1503
f 1503 1458 1504
f 1504 1458 1461
f 1504 1461 1505
f 1505 1461 1506
f 1461 1463 1506
f 1506 1463 1507
f 1507 1463 1452
f 1507 1452 1508
f 1508 1452 1509
f 1509 1459 1510
f 1510 1459 1441
f 1510 1441 1511
f 1511 1441 1440
f 1511 1440 1512
f 1500 1513 1449
f 1449 1513 1464
f 1464 1513 1514
f 1464 1514 1431
f 1431 1514 1515
f 1431 1515 1455
f 1455 1515 1516
f 1455 1516 1445
f 1445 1516 1517
f 1445 1517 1447
f 1447 1517 1512
f 1447 1512 1440
f 1503 1518 1502
f 1501 1519 1500
f 1500 1519 1513
f 1516 1520 1517
f 1517 1520 1521
f 1517 1521 1512
f 1511 1522 1510
f 1510 1522 1523
f 1510 1523 1509
f 1509 1524 1525
f 1509 1525 1508
f 1508 1525 1507
f 1507 1525 1526
f 1507 1526 1527
f 1507 1527 1506
f 1506 1527 1505
f 1505 1528 1504
f 1504 1528 1529
f 1504 1529 1503
f 1503 1529 1518
f 1518 1530 1502
f 1502 1530 1501
f 1501 1531 1519
f 1513 1532 1533
f 1513 1533 1514
f 1514 1533 1534
f 1514 1534 1515
f 1515 1534 1516
f 1521 1535 1512
f 1512 1535 1536
f 1512 1536 1511
f 1511 1536 1522
f 1523 1524 1509
f 1527 1537 1505
f 1505 1537 1528
f 1529 1538 1518
f 1518 1538 1530
f 1530 1531 1501
f 1531 1539 1519
f 1519 1539 1540
f 1519 1540 1513
f 1513 1540 1532
f 1534 1541 1516
f 1516 1541 1520
f 1520 1542 1543
f 1520 1543 1521
f 1521 1543 1535
f 1536 1544 1522
f 1522 1544 1545
f 1522 1545 1523
f 1523 1545 1524
f 1524 1546 1525
f 1525 1546 1547
f 1525 1547 1526
f 1526 1547 1548
f 1526 1548 1527
f 1527 1548 1537
f 1537 1549 1528
f 1528 1549 1529
f 1529 1549 1538
f 1538 1550 1530
f 1530 1550 1531
f 1531 1551 1539
f 1540 1552 1532
f 1532 1552 1553
f 1532 1553 1533
f 1533 1553 1554
f 1533 1554 1534
f 1534 1554 1541
f 1541 1542 1520
f 1543 1555 1535
f 1535 1555 1556
f 1535 1556 1536
f 1536 1556 1544
f 1545 1557 1524
f 1550 1551 1531
f 1551 1486 1539
f 1539 1486 1540
f 1540 1486 1552
f 1554 1558 1541
f 1541 1558 1542
f 1542 1558 1555
f 1542 1555 1543
f 1544 1559 1545
f 1545 1559 1557
f 1546 1468 1466
f 1546 1466 1547
f 1547 1466 1481
f 1547 1481 1548
f 1548 1481 1537
f 1537 1481 1473
f 1537 1473 1549
f 1549 1473 1538
f 1538 1473 1471
f 1538 1471 1550
f 1479 1468 1546
f 1558 1497 1498
f 1558 1498 1555
f 1555 1498 1494
f 1555 1494 1556
f 1556 1494 1476
f 1556 1476 1544
f 1544 1476 1559
f 1559 1476 1479
f 1559 1479 1557
f 1557 1479 1546
f 1557 1546 1524
f 1459 1509 1452
f 1550 1471 1484
f 1550 1484 1551
f 1551 1484 1486
f 1486 1490 1552
f 1552 1490 1489
f 1552 1489 1553
f 1553 1489 1492
f 1553 1492 1554
f 1554 1492 1558
f 1558 1492 1497
f 1560 1561 1562
f 1562 1561 1563
f 1562 1563 1564
f 1564 1563 1446
f 1564 1446 1565
f 1565 1446 1566
f 1565 1566 1567
f 1565 1567 1568
f 1568 1567 1569
f 1568 1569 1570
f 1570 1569 1571
f 1570 1571 1572
f 1573 1574 1575
f 1575 1574 1576
f 1575 1576 1577
f 1577 1576 1578
f 1577 1578 1579
f 1578 1580 1579
f 1579 1580 1581
f 1579 1581 1582
f 1582 1581 1583
f 1582 1583 1584
f 1584 1583 1585
f 1584 1585 1560
f 1560 1585 1561
f 1571 1586 1572
f 1572 1586 1587
f 1572 1587 1588
f 1588 1587 1589
f 1588 1589 1590
f 1590 1589 1591
f 1591 1589 1592
f 1592 1593 1591
f 1591 1593 1594
f 1594 1593 1595
f 1594 1595 1596
f 1596 1595 1457
f 1596 1457 1597
f 1596 1597 1573
f 1573 1597 1574
f 1598 1599 1600
f 1600 1599 1601
f 1600 1601 1602
f 1602 1601 1603
f 1602 1603 1604
f 1605 1606 1607
f 1607 1606 1608
f 1607 1608 1609
f 1609 1608 1474
f 1609 1474 1598
f 1598 1474 1610
f 1598 1610 1599
f 1603 1611 1604
f 1604 1611 1612
f 1604 1612 1613
f 1613 1612 1614
f 1613 1614 1615
f 1615 1614 1616
f 1615 1616 1617
f 1617 1616 1618
f 1617 1618 1619
f 1617 1619 1620
f 1620 1619 1621
f 1620 1621 1622
f 1622 1621 1499
f 1622 1499 1623
f 1622 1623 1624
f 1625 1626 1627
f 1625 1627 1628
f 1628 1627 1629
f 1628 1629 1605
f 1605 1629 1630
f 1605 1630 1606
f 1624 1623 1631
f 1624 1631 1632
f 1632 1631 1633
f 1632 1633 1634
f 1634 1633 1635
f 1635 1633 1636
f 1635 1636 1625
f 1625 1636 1626
f 1637 1638 1639
f 1639 1638 1640
f 1639 1640 1641
f 1642 1643 1644
f 1644 1643 1645
f 1646 1647 1648
f 1648 1647 1649
f 1650 1651 1652
f 1652 1651 1653
f 1652 1653 1654
f 1655 1656 1646
f 1646 1656 1647
f 1657 1658 1659
f 1659 1658 1660
f 1659 1660 1655
f 1655 1660 1656
f 1661 1662 1663
f 1663 1662 1664
f 1663 1664 1665
f 1641 1640 1662
f 1641 1662 1661
f 1643 1666 1645
f 1645 1666 1637
f 1637 1666 1638
f 1647 1667 1649
f 1649 1667 1650
f 1650 1667 1651
f 1668 1669 1657
f 1657 1669 1658
f 1665 1664 1670
f 1665 1670 1668
f 1668 1670 1669
f 1654 1653 1642
f 1642 1653 1671
f 1642 1671 1643
f 1672 1673 1674
f 1674 1673 1675
f 1676 1677 1678
f 1678 1677 1679
f 1678 1679 1680
f 1681 1682 1672
f 1672 1682 1673
f 1683 1684 1685
f 1685 1684 1681
f 1681 1684 1682
f 1686 1687 1688
f 1689 1690 1691
f 1691 1690 1692
f 1691 1692 1687
f 1687 1692 1688
f 1693 1694 1695
f 1695 1694 1696
f 1695 1696 1697
f 1673 1698 1675
f 1675 1698 1676
f 1676 1698 1677
f 1686 1688 1683
f 1683 1688 1699
f 1683 1699 1684
f 1700 1690 1689
f 1701 1702 1703
f 1703 1702 1700
f 1700 1702 1690
f 1680 1679 1693
f 1693 1679 1694
f 1697 1696 1704
f 1697 1704 1701
f 1701 1704 1702
f 1705 1706 1707
f 1706 1692 1690
f 1706 1690 1707
f 1707 1690 1708
f 1708 1690 1702
f 1708 1702 1709
f 1709 1702 1710
f 1710 1702 1704
f 1710 1704 1711
f 1677 1712 1679
f 1679 1712 1713
f 1679 1713 1714
f 1679 1714 1694
f 1694 1714 1715
f 1694 1715 1716
f 1694 1716 1696
f 1696 1716 1704
f 1717 1718 1682
f 1682 1718 1719
f 1682 1719 1673
f 1673 1719 1720
f 1673 1720 1698
f 1698 1720 1721
f 1698 1721 1677
f 1684 1699 1722
f 1722 1699 1688
f 1722 1688 1723
f 1723 1688 1692
f 1723 1692 1724
f 1723 1725 1722
f 1722 1726 1684
f 1684 1726 1727
f 1684 1727 1717
f 1717 1727 1718
f 1720 1728 1721
f 1721 1728 1729
f 1721 1729 1677
f 1677 1729 1712
f 1715 1730 1716
f 1724 1731 1732
f 1705 1707 1733
f 1733 1707 1708
f 1733 1708 1709
f 1733 1709 1734
f 1734 1709 1710
f 1734 1710 1735
f 1735 1710 1711
f 1735 1711 1736
f 1724 1732 1723
f 1723 1732 1725
f 1725 1737 1722
f 1722 1737 1726
f 1726 1738 1727
f 1718 1727 1739
f 1718 1739 1719
f 1719 1739 1740
f 1719 1740 1720
f 1720 1740 1728
f 1729 1741 1712
f 1712 1741 1713
f 1713 1742 1714
f 1714 1742 1715
f 1715 1743 1730
f 1730 1744 1716
f 1732 1745 1725
f 1725 1745 1737
f 1737 1738 1726
f 1738 1746 1727
f 1740 1747 1728
f 1728 1747 1748
f 1728 1748 1729
f 1729 1748 1741
f 1741 1749 1713
f 1713 1749 1742
f 1742 1743 1715
f 1743 1750 1730
f 1730 1750 1744
f 1731 1751 1752
f 1753 1705 1733
f 1753 1733 1754
f 1754 1733 1755
f 1755 1733 1734
f 1755 1734 1756
f 1756 1734 1735
f 1756 1735 1757
f 1757 1735 1736
f 1757 1736 1758
f 1731 1752 1732
f 1732 1752 1745
f 1745 1759 1737
f 1737 1759 1738
f 1746 1760 1727
f 1727 1760 1761
f 1727 1761 1739
f 1739 1761 1762
f 1739 1762 1740
f 1740 1762 1747
f 1748 1749 1741
f 1749 1763 1742
f 1742 1763 1743
f 1752 1759 1745
f 1759 1670 1738
f 1738 1670 1760
f 1738 1760 1746
f 1762 1764 1747
f 1747 1764 1765
f 1747 1765 1748
f 1748 1765 1749
f 1763 1671 1743
f 1743 1671 1750
f 1750 1758 1744
f 1758 1651 1757
f 1757 1651 1667
f 1757 1667 1756
f 1756 1667 1647
f 1756 1647 1755
f 1755 1647 1754
f 1754 1647 1656
f 1754 1656 1753
f 1753 1656 1660
f 1753 1660 1751
f 1753 1751 1705
f 1705 1751 1731
f 1705 1731 1706
f 1706 1731 1724
f 1706 1724 1692
f 1749 1666 1763
f 1763 1666 1643
f 1763 1643 1671
f 1671 1653 1750
f 1750 1653 1758
f 1758 1653 1651
f 1744 1758 1736
f 1744 1736 1716
f 1716 1736 1711
f 1716 1711 1704
f 1760 1662 1761
f 1761 1662 1762
f 1762 1662 1640
f 1762 1640 1764
f 1764 1640 1638
f 1764 1638 1765
f 1765 1638 1666
f 1765 1666 1749
f 1751 1660 1752
f 1752 1660 1658
f 1752 1658 1759
f 1759 1658 1669
f 1759 1669 1670
f 1670 1664 1760
f 1760 1664 1662
f 1684 1717 1682
f 1766 1767 1768
f 1768 1767 1769
f 1768 1769 1770
f 1770 1769 1771
f 1770 1771 1772
f 1770 1772 1773
f 1773 1772 1774
f 1773 1774 1775
f 1775 1774 1776
f 1775 1776 1777
f 1778 1779 1780
f 1780 1779 1781
f 1780 1781 1782
f 1782 1781 1783
f 1782 1783 1784
f 1784 1783 1785
f 1784 1785 1786
f 1776 1787 1777
f 1777 1787 1788
f 1777 1788 1789
f 1789 1788 1790
f 1789 1790 1791
f 1791 1790 1792
f 1791 1792 1778
f 1778 1792 1779
f 1793 1794 1795
f 1795 1794 1796
f 1795 1796 1797
f 1797 1796 1798
f 1797 1798 1766
f 1766 1798 1767
f 1786 1785 1799
f 1786 1799 1800
f 1800 1799 1801
f 1800 1801 1802
f 1802 1801 1803
f 1802 1803 1793
f 1793 1803 1804
f 1793 1804 1794
f 1805 1806 1807
f 1807 1806 1808
f 1807 1808 1809
f 1809 1808 1810
f 1810 1808 1811
f 1812 1813 1814
f 1812 1814 1815
f 1815 1814 1816
f 1815 1816 1805
f 1805 1816 1817
f 1805 1817 1806
f 1818 1819 1820
f 1820 1819 1821
f 1820 1821 1822
f 1822 1821 1823
f 1822 1823 1824
f 1824 1823 1812
f 1812 1823 1813
f 1811 1825 1810
f 1810 1825 1826
f 1826 1825 1827
f 1826 1827 1828
f 1828 1827 1829
f 1828 1829 1830
f 1831 1832 1833
f 1831 1833 1834
f 1834 1833 1835
f 1835 1833 1836
f 1835 1836 1837
f 1835 1837 1818
f 1818 1837 1819
f 1829 1838 1830
f 1830 1838 1839
f 1839 1838 1840
f 1839 1840 1841
f 1841 1840 1842
f 1841 1842 1843
f 1843 1842 1844
f 1843 1844 1831
f 1831 1844 1832
f 1845 1846 1847
f 1847 1846 1848
f 1849 1850 1851
f 1851 1850 1852
f 1853 1854 1849
f 1849 1854 1855
f 1849 1855 1850
f 1856 1857 1845
f 1845 1857 1846
f 1858 1859 1860
f 1860 1859 1861
f 1862 1863 1864
f 1864 1863 1856
f 1856 1863 1857
f 1850 1865 1852
f 1852 1865 1858
f 1858 1865 1859
f 1866 1867 1853
f 1853 1867 1854
f 1868 1869 1870
f 1870 1869 1871
f 1870 1871 1866
f 1866 1871 1867
f 1848 1846 1872
f 1848 1872 1873
f 1859 1874 1861
f 1861 1874 1875
f 1861 1875 1862
f 1862 1875 1863
f 1876 1877 1868
f 1868 1877 1869
f 1872 1878 1873
f 1873 1878 1879
f 1879 1878 1877
f 1879 1877 1876
f 1880 1881 1882
f 1882 1881 1883
f 1883 1881 1884
f 1883 1884 1885
f 1886 1887 1888
f 1888 1887 1889
f 1887 1890 1889
f 1889 1890 1891
f 1889 1891 1880
f 1880 1891 1881
f 1892 1893 1886
f 1886 1893 1887
f 1894 1895 1896
f 1896 1895 1897
f 1896 1897 1892
f 1892 1897 1893
f 1898 1899 1894
f 1894 1899 1895
f 1900 1901 1902
f 1902 1901 1903
f 1902 1903 1904
f 1905 1906 1900
f 1900 1906 1901
f 1907 1908 1909
f 1909 1908 1910
f 1909 1910 1905
f 1905 1910 1906
f 1911 1912 1907
f 1907 1912 1908
f 1884 1913 1885
f 1885 1913 1914
f 1914 1913 1911
f 1911 1913 1912
f 1904 1903 1915
f 1904 1915 1898
f 1898 1915 1899
f 1865 1916 1859
f 1859 1916 1917
f 1859 1917 1874
f 1874 1917 1918
f 1874 1918 1875
f 1875 1918 1863
f 1863 1918 1919
f 1863 1919 1920
f 1863 1920 1857
f 1916 1865 1921
f 1921 1865 1850
f 1921 1850 1855
f 1855 1854 1922
f 1922 1854 1867
f 1867 1871 1923
f 1923 1924 1867
f 1867 1924 1925
f 1867 1925 1922
f 1922 1926 1855
f 1855 1926 1921
f 1916 1927 1917
f 1917 1928 1918
f 1918 1929 1919
f 1919 1929 1930
f 1919 1930 1920
f 1923 1931 1924
f 1932 1933 1934
f 1934 1933 1935
f 1934 1935 1936
f 1936 1935 1937
f 1936 1937 1938
f 1938 1937 1939
f 1938 1939 1940
f 1940 1939 1941
f 1940 1941 1942
f 1942 1941 1943
f 1942 1943 1944
f 1926 1945 1921
f 1921 1945 1946
f 1921 1946 1916
f 1916 1946 1927
f 1927 1947 1917
f 1917 1947 1928
f 1928 1948 1918
f 1918 1948 1929
f 1931 1932 1949
f 1949 1932 1934
f 1931 1950 1924
f 1924 1950 1951
f 1924 1951 1925
f 1925 1951 1952
f 1925 1952 1922
f 1922 1952 1926
f 1926 1952 1945
f 1946 1953 1927
f 1927 1953 1947
f 1947 1954 1928
f 1928 1954 1948
f 1948 1955 1929
f 1929 1955 1956
f 1929 1956 1930
f 1930 1956 1957
f 1930 1957 1920
f 1931 1958 1950
f 1949 1934 1959
f 1959 1934 1936
f 1959 1936 1960
f 1960 1936 1938
f 1960 1938 1961
f 1961 1938 1940
f 1961 1940 1962
f 1962 1940 1942
f 1962 1942 1963
f 1963 1942 1944
f 1963 1944 1964
f 1945 1965 1966
f 1945 1966 1946
f 1946 1966 1953
f 1953 1967 1947
f 1947 1967 1954
f 1954 1968 1948
f 1948 1968 1955
f 1958 1969 1950
f 1950 1969 1970
f 1950 1970 1951
f 1951 1970 1971
f 1951 1971 1952
f 1952 1971 1965
f 1952 1965 1945
f 1966 1967 1953
f 1967 1910 1954
f 1954 1910 1968
f 1968 1912 1955
f 1955 1912 1956
f 1957 1956 1964
f 1964 1884 1963
f 1963 1884 1881
f 1963 1881 1962
f 1962 1881 1891
f 1962 1891 1961
f 1961 1891 1960
f 1960 1891 1890
f 1960 1890 1959
f 1959 1890 1887
f 1959 1887 1893
f 1959 1893 1949
f 1949 1893 1958
f 1949 1958 1931
f 1932 1931 1923
f 1932 1923 1869
f 1869 1923 1871
f 1967 1901 1906
f 1967 1906 1910
f 1910 1908 1968
f 1968 1908 1912
f 1912 1913 1956
f 1956 1913 1884
f 1956 1884 1964
f 1957 1964 1944
f 1957 1944 1920
f 1920 1944 1943
f 1920 1943 1857
f 1857 1943 1846
f 1846 1943 1941
f 1846 1941 1872
f 1872 1941 1939
f 1872 1939 1937
f 1872 1937 1878
f 1878 1937 1935
f 1878 1935 1877
f 1877 1935 1933
f 1877 1933 1869
f 1869 1933 1932
f 1958 1893 1897
f 1958 1897 1969
f 1969 1897 1895
f 1969 1895 1970
f 1970 1895 1899
f 1970 1899 1971
f 1971 1899 1915
f 1971 1915 1965
f 1965 1915 1903
f 1965 1903 1966
f 1966 1903 1901
f 1966 1901 1967
f 1972 1973 1974
f 1974 1973 1975
f 1974 1975 1976
f 1976 1975 1977
f 1976 1977 1978
f 1977 1979 1978
f 1978 1979 1980
f 1978 1980 1981
f 1981 1980 1982
f 1982 1980 1983
f 1982 1983 1984
f 1982 1984 1985
f 1986 1987 1988
f 1986 1988 1989
f 1989 1988 1990
f 1989 1990 1991
f 1991 1990 1992
f 1991 1992 1993
f 1994 1995 1996
f 1996 1995 1997
f 1996 1997 1998
f 1998 1997 1999
f 1998 1999 1986
f 1986 1999 1987
f 1984 2000 1985
f 1985 2000 2001
f 1985 2001 2002
f 2002 2001 2003
f 2002 2003 2004
f 2004 2003 1994
f 1994 2003 2005
f 1994 2005 1995
f 1992 2006 1993
f 1993 2006 2007
f 1993 2007 2008
f 2008 2007 2009
f 2009 2007 2010
f 2009 2010 1972
f 1972 2010 2011
f 1972 2011 1973
f 2012 2013 2014
f 2012 2014 2015
f 2015 2014 2016
f 2015 2016 2017
f 2017 2016 2018
f 2017 2018 2019
f 2020 2021 2022
f 2022 2021 2023
f 2022 2023 2024
f 2022 2024 2025
f 2025 2024 2026
f 2025 2026 2027
f 2018 2028 2019
f 2019 2028 2029
f 2019 2029 2030
f 2030 2029 2031
f 2030 2031 2032
f 2032 2031 2033
f 2032 2033 2020
f 2020 2033 2021
f 2034 2035 2036
f 2036 2035 2037
f 2036 2037 2038
f 2036 2038 2039
f 2039 2038 2040
f 2039 2040 2012
f 2012 2040 2013
f 2027 2026 2041
f 2027 2041 2042
f 2042 2041 2043
f 2042 2043 2044
f 2044 2043 2045
f 2044 2045 2046
f 2046 2045 2047
f 2045 2048 2047
f 2047 2048 2049
f 2047 2049 2050
f 2050 2049 2051
f 2050 2051 2034
f 2034 2051 2052
f 2034 2052 2035
f 2053 2054 2055
f 2056 2057 2058
f 2058 2057 2053
f 2058 2053 2059
f 2060 2061 2062
f 2062 2061 2056
f 2056 2061 2057
f 2063 2064 2060
f 2060 2064 2065
f 2060 2065 2061
f 2059 2053 2066
f 2067 2068 2069
f 2069 2068 2070
f 2053 2055 2066
f 2066 2055 2071
f 2071 2055 2072
f 2073 2074 2075
f 2075 2074 2063
f 2063 2074 2064
f 2076 2077 2078
f 2078 2077 2079
f 2078 2079 2080
f 2055 2081 2072
f 2072 2081 2067
f 2067 2081 2068
f 2082 2083 2073
f 2073 2083 2074
f 2084 2085 2086
f 2086 2085 2082
f 2082 2085 2083
f 2080 2079 2087
f 2080 2087 2084
f 2084 2087 2085
f 2068 2088 2070
f 2070 2088 2076
f 2076 2088 2077
f 2089 2090 2091
f 2091 2090 2092
f 2091 2092 2093
f 2094 2095 2096
f 2096 2095 2097
f 2095 2098 2097
f 2097 2098 2089
f 2089 2098 2090
f 2099 2100 2101
f 2101 2100 2102
f 2103 2104 2094
f 2094 2104 2095
f 2105 2106 2107
f 2107 2106 2103
f 2103 2106 2104
f 2108 2109 2105
f 2105 2109 2106
f 2110 2111 2112
f 2112 2111 2109
f 2112 2109 2108
f 2113 2114 2115
f 2115 2114 2116
f 2115 2116 2110
f 2110 2116 2111
f 2093 2092 2099
f 2099 2092 2100
f 2117 2118 2113
f 2113 2118 2119
f 2113 2119 2114
f 2120 2121 2122
f 2122 2121 2117
f 2117 2121 2118
f 2100 2123 2102
f 2102 2123 2120
f 2120 2123 2121
f 2109 2124 2106
f 2125 2121 2123
f 2126 2100 2092
f 2127 2109 2111
f 2116 2114 2119
f 2119 2118 2128
f 2128 2118 2121
f 2128 2121 2129
f 2129 2121 2125
f 2130 2125 2123
f 2130 2123 2131
f 2131 2123 2100
f 2131 2100 2126
f 2126 2092 2132
f 2132 2092 2090
f 2132 2090 2133
f 2133 2090 2134
f 2109 2127 2124
f 2124 2127 2135
f 2124 2135 2106
f 2106 2135 2136
f 2106 2136 2104
f 2104 2136 2137
f 2104 2137 2095
f 2095 2137 2138
f 2095 2138 2098
f 2098 2138 2134
f 2098 2134 2090
f 2126 2139 2131
f 2130 2140 2125
f 2125 2140 2129
f 2129 2140 2141
f 2129 2141 2128
f 2128 2142 2119
f 2119 2142 2143
f 2119 2143 2116
f 2116 2143 2144
f 2116 2144 2111
f 2111 2144 2127
f 2127 2145 2135
f 2135 2146 2136
f 2138 2147 2148
f 2138 2148 2134
f 2134 2148 2133
f 2133 2149 2132
f 2132 2150 2126
f 2126 2150 2139
f 2131 2151 2152
f 2131 2152 2130
f 2130 2152 2140
f 2144 2153 2127
f 2127 2153 2145
f 2145 2154 2135
f 2135 2154 2146
f 2146 2155 2136
f 2136 2155 2137
f 2137 2155 2156
f 2137 2156 2138
f 2138 2156 2147
f 2148 2149 2133
f 2149 2157 2132
f 2132 2157 2150
f 2150 2157 2158
f 2150 2158 2139
f 2139 2159 2131
f 2131 2159 2151
f 2152 2160 2140
f 2140 2160 2161
f 2140 2161 2141
f 2141 2161 2162
f 2141 2162 2128
f 2128 2162 2163
f 2128 2163 2142
f 2142 2163 2164
f 2142 2164 2143
f 2143 2164 2165
f 2143 2165 2144
f 2144 2165 2166
f 2144 2166 2153
f 2153 2167 2145
f 2145 2167 2154
f 2154 2168 2146
f 2146 2168 2155
f 2156 2169 2147
f 2147 2169 2170
f 2147 2170 2148
f 2148 2170 2149
f 2149 2171 2157
f 2158 2172 2139
f 2159 2173 2151
f 2151 2173 2152
f 2152 2173 2160
f 2166 2174 2153
f 2153 2174 2167
f 2167 2175 2154
f 2154 2175 2168
f 2168 2176 2155
f 2155 2176 2177
f 2155 2177 2156
f 2156 2177 2169
f 2170 2171 2149
f 2171 2178 2157
f 2157 2178 2158
f 2159 2179 2173
f 2160 2065 2161
f 2161 2065 2064
f 2161 2064 2162
f 2162 2064 2180
f 2162 2180 2163
f 2163 2180 2164
f 2165 2164 2166
f 2175 2181 2168
f 2168 2181 2176
f 2169 2182 2170
f 2170 2182 2171
f 2158 2178 2172
f 2179 2057 2173
f 2173 2057 2061
f 2173 2061 2160
f 2160 2061 2065
f 2064 2074 2180
f 2179 2053 2057
f 2176 2088 2177
f 2177 2088 2068
f 2177 2068 2169
f 2169 2068 2182
f 2182 2068 2081
f 2182 2081 2171
f 2171 2081 2055
f 2171 2055 2178
f 2178 2055 2054
f 2178 2054 2172
f 2172 2054 2053
f 2172 2053 2179
f 2172 2179 2159
f 2172 2159 2139
f 2074 2083 2180
f 2180 2083 2164
f 2164 2083 2085
f 2164 2085 2166
f 2166 2085 2174
f 2174 2085 2087
f 2174 2087 2167
f 2167 2087 2175
f 2175 2087 2079
f 2175 2079 2077
f 2175 2077 2181
f 2181 2077 2176
f 2176 2077 2088
f 2183 2184 2185
f 2183 2185 2186
f 2186 2185 2187
f 2187 2185 2188
f 2187 2188 2189
f 2190 2191 2192
f 2190 2192 2193
f 2193 2192 2069
f 2193 2069 2194
f 2194 2069 2195
f 2194 2195 2196
f 2188 2197 2189
f 2189 2197 2198
f 2189 2198 2199
f 2199 2198 2200
f 2199 2200 2201
f 2201 2200 2202
f 2201 2202 2190
f 2190 2202 2191
f 2203 2204 2205
f 2205 2204 2206
f 2205 2206 2063
f 2205 2063 2207
f 2207 2063 2208
f 2207 2208 2183
f 2183 2208 2184
f 2209 2210 2211
f 2211 2210 2212
f 2211 2212 2213
f 2213 2212 2214
f 2213 2214 2203
f 2203 2214 2204
f 2195 2215 2196
f 2196 2215 2216
f 2196 2216 2217
f 2217 2216 2218
f 2218 2216 2219
f 2218 2219 2220
f 2218 2220 2221
f 2221 2220 2209
f 2209 2220 2222
f 2209 2222 2210
f 2223 2224 2225
f 2223 2225 2226
f 2226 2225 2227
f 2226 2227 2228
f 2228 2227 2229
f 2230 2231 2232
f 2232 2231 2233
f 2232 2233 2234
f 2234 2233 2096
f 2234 2096 2235
f 2234 2235 2223
f 2223 2235 2224
f 2236 2237 2238
f 2238 2237 2239
f 2238 2239 2240
f 2240 2239 2117
f 2240 2117 2241
f 2241 2117 2242
f 2228 2229 2243
f 2228 2243 2244
f 2244 2243 2245
f 2244 2245 2246
f 2246 2245 2247
f 2246 2247 2248
f 2248 2247 2249
f 2248 2249 2236
f 2236 2249 2250
f 2236 2250 2237
f 2251 2252 2253
f 2253 2252 2254
f 2253 2254 2255
f 2255 2254 2256
f 2255 2256 2230
f 2230 2256 2231
f 2242 2257 2241
f 2241 2257 2258
f 2258 2257 2259
f 2258 2259 2260
f 2260 2259 2261
f 2260 2261 2262
f 2262 2261 2263
f 2262 2263 2251
f 2251 2263 2252
f 2264 2265 2266
f 2267 2266 2268
f 2268 2266 2269
f 2270 2271 2272
f 2272 2271 2273
f 2274 2275 2276
f 2276 2275 2277
f 2276 2277 2278
f 2279 2264 2267
f 2267 2264 2266
f 2280 2281 2282
f 2282 2281 2264
f 2282 2264 2279
f 2283 2284 2285
f 2285 2284 2286
f 2285 2286 2287
f 2277 2288 2278
f 2278 2288 2270
f 2270 2288 2271
f 2289 2290 2274
f 2274 2290 2275
f 2291 2292 2293
f 2293 2292 2289
f 2289 2292 2290
f 2294 2295 2296
f 2296 2295 2280
f 2280 2295 2281
f 2266 2297 2269
f 2269 2297 2291
f 2291 2297 2292
f 2287 2286 2294
f 2294 2286 2298
f 2294 2298 2295
f 2271 2299 2273
f 2273 2299 2283
f 2283 2299 2284
f 2300 2301 2302
f 2302 2301 2303
f 2304 2305 2306
f 2306 2305 2307
f 2308 2309 2300
f 2300 2309 2301
f 2310 2311 2312
f 2312 2311 2313
f 2307 2305 2314
f 2307 2314 2315
f 2315 2314 2316
f 2315 2316 2317
f 2301 2318 2303
f 2303 2318 2304
f 2304 2318 2305
f 2317 2316 2310
f 2310 2316 2311
f 2319 2320 2321
f 2321 2320 2308
f 2308 2320 2309
f 2322 2323 2324
f 2325 2326 2327
f 2327 2326 2323
f 2323 2326 2324
f 2311 2328 2313
f 2313 2328 2325
f 2325 2328 2326
f 2329 2330 2319
f 2319 2330 2320
f 2324 2331 2322
f 2322 2331 2332
f 2332 2331 2333
f 2332 2333 2329
f 2329 2333 2330
f 2316 2334 2311
f 2335 2264 2281
f 2335 2281 2336
f 2336 2281 2295
f 2336 2295 2337
f 2337 2295 2298
f 2298 2286 2338
f 2338 2286 2339
f 2339 2286 2284
f 2339 2284 2340
f 2340 2284 2299
f 2340 2299 2341
f 2341 2299 2271
f 2341 2271 2342
f 2343 2288 2344
f 2344 2288 2277
f 2344 2277 2345
f 2345 2277 2275
f 2345 2275 2346
f 2264 2335 2265
f 2265 2335 2347
f 2265 2347 2348
f 2265 2348 2266
f 2266 2348 2349
f 2266 2349 2297
f 2297 2349 2350
f 2297 2350 2292
f 2292 2350 2351
f 2292 2351 2290
f 2290 2351 2346
f 2290 2346 2275
f 2339 2352 2338
f 2338 2353 2298
f 2298 2353 2354
f 2298 2354 2337
f 2336 2355 2335
f 2335 2355 2347
f 2351 2356 2346
f 2342 2357 2358
f 2342 2358 2341
f 2341 2358 2359
f 2341 2359 2340
f 2340 2359 2360
f 2340 2360 2339
f 2339 2360 2352
f 2352 2361 2338
f 2338 2361 2353
f 2354 2362 2337
f 2337 2362 2363
f 2337 2363 2336
f 2336 2363 2355
f 2347 2364 2365
f 2347 2365 2348
f 2348 2365 2366
f 2348 2366 2349
f 2349 2366 2350
f 2350 2367 2351
f 2351 2367 2356
f 2356 2368 2346
f 2346 2368 2369
f 2346 2369 2345
f 2345 2369 2344
f 2344 2370 2343
f 2343 2370 2357
f 2360 2371 2352
f 2352 2371 2361
f 2361 2372 2353
f 2353 2372 2373
f 2353 2373 2354
f 2354 2373 2362
f 2355 2363 2374
f 2355 2374 2347
f 2347 2374 2364
f 2366 2375 2350
f 2350 2375 2367
f 2367 2376 2356
f 2356 2376 2368
f 2369 2377 2344
f 2344 2377 2370
f 2357 2378 2379
f 2357 2379 2358
f 2358 2379 2380
f 2358 2380 2359
f 2359 2380 2381
f 2359 2381 2360
f 2360 2381 2371
f 2371 2382 2361
f 2361 2382 2372
f 2373 2383 2362
f 2362 2383 2384
f 2362 2384 2363
f 2374 2385 2364
f 2364 2385 2365
f 2365 2385 2386
f 2365 2386 2366
f 2366 2386 2375
f 2375 2387 2367
f 2367 2387 2376
f 2376 2388 2368
f 2368 2388 2377
f 2368 2377 2369
f 2377 2389 2370
f 2370 2389 2378
f 2370 2378 2357
f 2381 2382 2371
f 2382 2390 2372
f 2372 2390 2373
f 2373 2390 2383
f 2384 2391 2363
f 2363 2391 2374
f 2374 2391 2385
f 2387 2392 2376
f 2376 2392 2388
f 2378 2314 2379
f 2379 2314 2380
f 2380 2314 2305
f 2380 2305 2381
f 2381 2305 2318
f 2381 2318 2382
f 2382 2318 2301
f 2382 2301 2390
f 2378 2316 2314
f 2375 2324 2387
f 2387 2324 2326
f 2387 2326 2392
f 2392 2326 2328
f 2392 2328 2388
f 2388 2328 2311
f 2388 2311 2377
f 2377 2311 2389
f 2389 2311 2334
f 2389 2334 2378
f 2378 2334 2316
f 2343 2357 2342
f 2343 2342 2288
f 2288 2342 2271
f 2301 2309 2390
f 2390 2309 2383
f 2383 2309 2320
f 2383 2320 2384
f 2384 2320 2391
f 2391 2320 2330
f 2391 2330 2385
f 2385 2330 2333
f 2385 2333 2331
f 2385 2331 2386
f 2386 2331 2375
f 2375 2331 2324
f 2393 2394 2395
f 2395 2394 2396
f 2395 2396 2397
f 2397 2396 2293
f 2397 2293 2398
f 2398 2293 2399
f 2400 2401 2402
f 2402 2401 2403
f 2402 2403 2404
f 2404 2403 2405
f 2404 2405 2406
f 2406 2405 2407
f 2407 2405 2408
f 2407 2408 2409
f 2407 2409 2410
f 2410 2409 2411
f 2410 2411 2412
f 2412 2411 2413
f 2412 2413 2393
f 2393 2413 2394
f 2414 2415 2416
f 2416 2415 2417
f 2416 2417 2418
f 2418 2417 2287
f 2418 2287 2400
f 2400 2287 2419
f 2400 2419 2401
f 2398 2399 2420
f 2398 2420 2421
f 2421 2420 2422
f 2421 2422 2423
f 2423 2422 2424
f 2424 2422 2425
f 2425 2426 2424
f 2424 2426 2427
f 2427 2426 2428
f 2427 2428 2429
f 2427 2429 2430
f 2430 2429 2431
f 2430 2431 2414
f 2414 2431 2415
f 2432 2433 2434
f 2434 2433 2435
f 2434 2435 2303
f 2434 2303 2436
f 2436 2303 2437
f 2436 2437 2438
f 2436 2438 2439
f 2439 2438 2440
f 2439 2440 2441
f 2441 2440 2442
f 2441 2442 2443
f 2444 2445 2446
f 2446 2445 2447
f 2446 2447 2448
f 2448 2447 2449
f 2448 2449 2450
f 2451 2452 2453
f 2451 2453 2454
f 2454 2453 2455
f 2455 2453 2327
f 2455 2327 2456
f 2455 2456 2444
f 2444 2456 2445
f 2442 2457 2443
f 2443 2457 2458
f 2443 2458 2459
f 2459 2458 2460
f 2460 2458 2461
f 2460 2461 2462
f 2460 2462 2463
f 2463 2462 2451
f 2451 2462 2452
f 2450 2449 2464
f 2450 2464 2465
f 2465 2464 2466
f 2465 2466 2467
f 2467 2466 2468
f 2467 2468 2469
f 2469 2468 2470
f 2469 2470 2432
f 2432 2470 2433
f 2471 2472 2473
f 2473 2472 2474
f 2475 2476 2471
f 2471 2476 2472
f 2477 2478 2479
f 2479 2478 2480
f 2479 2480 2481
f 2482 2483 2484
f 2484 2483 2485
f 2474 2472 2486
f 2474 2486 2482
f 2482 2486 2483
f 2487 2488 2489
f 2489 2488 2490
f 2485 2483 2491
f 2485 2491 2477
f 2477 2491 2478
f 2492 2493 2494
f 2494 2493 2475
f 2475 2493 2495
f 2475 2495 2476
f 2481 2480 2487
f 2487 2480 2496
f 2487 2496 2488
f 2497 2498 2492
f 2492 2498 2493
f 2499 2500 2501
f 2501 2500 2497
f 2497 2500 2498
f 2502 2503 2499
f 2499 2503 2500
f 2490 2488 2502
f 2502 2488 2504
f 2502 2504 2503
f 2505 2506 2507
f 2507 2506 2508
f 2507 2508 2509
f 2509 2508 2510
f 2509 2510 2511
f 2509 2511 2512
f 2512 2511 2513
f 2514 2513 2515
f 2514 2515 2516
f 2516 2515 2517
f 2505 2518 2506
f 2519 2520 2521
f 2522 2521 2523
f 2522 2523 2524
f 2524 2523 2525
f 2524 2525 2526
f 2526 2525 2527
f 2526 2527 2505
f 2505 2527 2518
f 2519 2528 2520
f 2528 2519 2529
f 2528 2529 2530
f 2530 2529 2531
f 2530 2531 2532
f 2532 2531 2533
f 2532 2533 2534
f 2534 2533 2535
f 2534 2535 2536
f 2530 2537 2528
f 2520 2538 2521
f 2521 2538 2523
f 2527 2539 2518
f 2511 2540 2513
f 2513 2540 2515
f 2536 2541 2542
f 2536 2542 2534
f 2534 2542 2543
f 2534 2543 2532
f 2532 2543 2544
f 2532 2544 2530
f 2530 2544 2537
f 2537 2545 2528
f 2528 2545 2546
f 2528 2546 2520
f 2520 2546 2538
f 2538 2547 2523
f 2523 2547 2548
f 2523 2548 2525
f 2525 2548 2549
f 2525 2549 2527
f 2527 2549 2539
f 2539 2550 2518
f 2518 2550 2506
f 2506 2550 2551
f 2506 2551 2508
f 2508 2551 2552
f 2508 2552 2553
f 2508 2553 2510
f 2510 2553 2511
f 2511 2553 2554
f 2511 2554 2540
f 2515 2555 2517
f 2544 2556 2537
f 2537 2556 2545
f 2546 2557 2538
f 2538 2557 2547
f 2549 2558 2539
f 2539 2558 2550
f 2550 2559 2551
f 2540 2554 2560
f 2540 2560 2515
f 2515 2560 2555
f 2541 2561 2562
f 2541 2562 2563
f 2541 2563 2542
f 2542 2563 2564
f 2542 2564 2543
f 2543 2564 2565
f 2543 2565 2544
f 2544 2565 2556
f 2556 2566 2545
f 2545 2566 2567
f 2545 2567 2546
f 2546 2567 2568
f 2546 2568 2557
f 2557 2569 2547
f 2547 2569 2548
f 2548 2569 2570
f 2548 2570 2549
f 2549 2570 2571
f 2549 2571 2558
f 2558 2559 2550
f 2559 2572 2551
f 2551 2572 2573
f 2551 2573 2574
f 2551 2574 2552
f 2552 2574 2553
f 2553 2574 2575
f 2553 2575 2554
f 2560 2576 2555
f 2555 2576 2561
f 2568 2577 2557
f 2557 2577 2569
f 2558 2571 2559
f 2575 2495 2554
f 2554 2495 2560
f 2560 2495 2576
f 2572 2486 2472
f 2572 2472 2573
f 2573 2472 2574
f 2574 2472 2476
f 2574 2476 2575
f 2575 2476 2495
f 2495 2493 2576
f 2576 2493 2498
f 2576 2498 2561
f 2555 2561 2541
f 2555 2541 2517
f 2517 2541 2536
f 2517 2536 2516
f 2516 2536 2535
f 2567 2496 2568
f 2568 2496 2480
f 2568 2480 2577
f 2577 2480 2569
f 2569 2480 2478
f 2569 2478 2570
f 2570 2478 2491
f 2570 2491 2571
f 2571 2491 2483
f 2571 2483 2559
f 2559 2483 2486
f 2559 2486 2572
f 2561 2498 2500
f 2561 2500 2562
f 2562 2500 2563
f 2563 2500 2503
f 2563 2503 2564
f 2564 2503 2565
f 2565 2503 2504
f 2565 2504 2556
f 2556 2504 2488
f 2556 2488 2566
f 2566 2488 2567
f 2567 2488 2496
f 2578 2579 2519
f 2578 2519 2521
f 2578 2521 2580
f 2580 2521 2581
f 2582 2529 2583
f 2583 2529 2579
f 2579 2529 2519
f 2584 2531 2582
f 2582 2531 2529
f 2585 2535 2586
f 2586 2535 2587
f 2588 2514 2585
f 2585 2514 2516
f 2585 2516 2535
f 2589 2507 2590
f 2590 2507 2591
f 2592 2512 2593
f 2593 2512 2513
f 2593 2513 2588
f 2588 2513 2514
f 2591 2507 2509
f 2591 2509 2592
f 2592 2509 2512
f 2594 2505 2589
f 2589 2505 2507
f 2595 2526 2596
f 2596 2526 2594
f 2594 2526 2505
f 2587 2535 2584
f 2584 2535 2533
f 2584 2533 2531
f 2521 2522 2581
f 2581 2522 2524
f 2581 2524 2595
f 2595 2524 2526
f 2597 2598 2599
f 2599 2598 2600
f 2599 2600 2601
f 2601 2600 2602
f 2601 2602 2603
f 2604 2605 2606
f 2606 2605 2607
f 2607 2605 2608
f 2607 2608 2609
f 2609 2608 2610
f 2609 2610 2611
f 2612 2613 2614
f 2614 2613 2615
f 2614 2615 2616
f 2616 2615 2617
f 2616 2617 2618
f 2602 2619 2603
f 2603 2619 2620
f 2603 2620 2621
f 2621 2620 2622
f 2621 2622 2623
f 2623 2622 2612
f 2612 2622 2624
f 2612 2624 2613
f 2610 2625 2611
f 2611 2625 2626
f 2626 2625 2627
f 2626 2627 2628
f 2628 2627 2629
f 2628 2629 2630
f 2630 2629 2631
f 2630 2631 2597
f 2597 2631 2598
f 2617 2632 2618
f 2618 2632 2633
f 2618 2633 2634
f 2634 2633 2635
f 2634 2635 2604
f 2604 2635 2636
f 2604 2636 2605
f 2637 2638 2639
f 2640 2641 2642
f 2642 2641 2638
f 2638 2641 2639
f 2637 2639 2643
f 2637 2643 2644
f 2644 2643 2645
f 2646 2647 2648
f 2648 2647 2649
f 2647 2650 2649
f 2649 2650 2651
f 2649 2651 2640
f 2640 2651 2641
f 2652 2653 2654
f 2654 2653 2655
f 2645 2643 2656
f 2645 2656 2657
f 2658 2659 2660
f 2660 2659 2661
f 2656 2662 2657
f 2657 2662 2663
f 2663 2662 2664
f 2663 2664 2665
f 2666 2667 2658
f 2658 2667 2668
f 2658 2668 2659
f 2659 2669 2661
f 2661 2669 2646
f 2646 2669 2647
f 2655 2653 2666
f 2666 2653 2670
f 2666 2670 2667
f 2664 2671 2665
f 2665 2671 2652
f 2652 2671 2672
f 2652 2672 2653
f 2673 2674 2675
f 2675 2674 2676
f 2677 2678 2679
f 2679 2678 2680
f 2681 2682 2683
f 2683 2684 2681
f 2681 2684 2677
f 2677 2684 2685
f 2677 2685 2678
f 2686 2687 2688
f 2688 2687 2689
f 2688 2689 2690
f 2678 2691 2680
f 2680 2691 2673
f 2673 2691 2674
f 2692 2693 2694
f 2694 2693 2695
f 2694 2695 2682
f 2682 2695 2683
f 2696 2697 2698
f 2698 2697 2699
f 2698 2699 2700
f 2690 2689 2701
f 2690 2701 2696
f 2696 2701 2697
f 2702 2703 2704
f 2704 2703 2705
f 2704 2705 2706
f 2674 2707 2676
f 2676 2707 2708
f 2676 2708 2702
f 2702 2708 2703
f 2699 2709 2700
f 2700 2709 2692
f 2692 2709 2693
f 2706 2705 2686
f 2686 2705 2687
f 2710 2711 2712
f 2669 2713 2647
f 2647 2713 2714
f 2647 2714 2650
f 2650 2714 2715
f 2650 2715 2651
f 2651 2715 2716
f 2651 2716 2641
f 2641 2716 2717
f 2641 2717 2718
f 2641 2718 2639
f 2669 2719 2713
f 2719 2669 2720
f 2720 2669 2659
f 2720 2659 2668
f 2720 2668 2721
f 2721 2668 2667
f 2667 2670 2722
f 2722 2670 2653
f 2722 2653 2723
f 2723 2653 2711
f 2712 2664 2724
f 2724 2664 2725
f 2725 2726 2727
f 2726 2728 2729
f 2711 2730 2723
f 2722 2731 2667
f 2667 2731 2721
f 2714 2732 2715
f 2715 2732 2716
f 2716 2733 2734
f 2716 2734 2717
f 2717 2734 2735
f 2717 2735 2718
f 2710 2712 2736
f 2736 2712 2724
f 2724 2725 2737
f 2737 2725 2727
f 2727 2726 2738
f 2738 2726 2729
f 2730 2739 2723
f 2723 2739 2722
f 2722 2739 2740
f 2722 2740 2731
f 2731 2741 2721
f 2721 2741 2720
f 2720 2741 2742
f 2720 2742 2719
f 2719 2742 2743
f 2719 2743 2713
f 2713 2743 2744
f 2713 2744 2714
f 2714 2744 2732
f 2732 2733 2716
f 2736 2724 2745
f 2745 2724 2737
f 2737 2727 2746
f 2746 2727 2738
f 2738 2729 2747
f 2730 2748 2739
f 2739 2749 2740
f 2740 2750 2731
f 2731 2750 2741
f 2744 2751 2732
f 2732 2751 2733
f 2733 2752 2734
f 2734 2752 2753
f 2734 2753 2754
f 2734 2754 2735
f 2755 2710 2736
f 2755 2736 2756
f 2756 2736 2745
f 2745 2737 2757
f 2757 2737 2746
f 2746 2738 2758
f 2758 2738 2747
f 2748 2749 2739
f 2749 2759 2740
f 2740 2759 2750
f 2750 2760 2741
f 2741 2760 2761
f 2741 2761 2742
f 2742 2761 2762
f 2742 2762 2743
f 2743 2762 2763
f 2743 2763 2744
f 2744 2763 2751
f 2751 2764 2733
f 2733 2764 2752
f 2756 2745 2757
f 2757 2746 2703
f 2703 2746 2758
f 2758 2747 2765
f 2748 2766 2749
f 2759 2767 2750
f 2750 2767 2760
f 2763 2699 2751
f 2751 2699 2764
f 2752 2764 2753
f 2753 2768 2754
f 2765 2705 2758
f 2758 2705 2703
f 2703 2708 2757
f 2757 2708 2707
f 2757 2707 2756
f 2756 2707 2674
f 2756 2674 2755
f 2755 2674 2691
f 2755 2691 2766
f 2755 2766 2748
f 2755 2748 2710
f 2710 2748 2730
f 2710 2730 2711
f 2672 2711 2653
f 2765 2687 2705
f 2762 2693 2709
f 2762 2709 2763
f 2763 2709 2699
f 2699 2697 2764
f 2764 2697 2701
f 2764 2701 2753
f 2753 2701 2689
f 2753 2689 2687
f 2753 2687 2768
f 2768 2687 2765
f 2768 2765 2747
f 2768 2747 2754
f 2754 2747 2735
f 2735 2747 2729
f 2735 2729 2728
f 2735 2728 2718
f 2718 2728 2639
f 2639 2728 2643
f 2643 2728 2726
f 2643 2726 2656
f 2656 2726 2725
f 2656 2725 2662
f 2662 2725 2664
f 2671 2664 2712
f 2671 2712 2672
f 2672 2712 2711
f 2766 2691 2678
f 2766 2678 2749
f 2749 2678 2685
f 2749 2685 2759
f 2759 2685 2684
f 2759 2684 2767
f 2767 2684 2683
f 2767 2683 2760
f 2760 2683 2695
f 2760 2695 2761
f 2761 2695 2693
f 2761 2693 2762
f 2769 2770 2771
f 2771 2770 2772
f 2771 2772 2773
f 2771 2773 2774
f 2774 2773 2775
f 2774 2775 2776
f 2775 2777 2776
f 2776 2777 2778
f 2776 2778 2779
f 2779 2778 2780
f 2779 2780 2781
f 2781 2780 2782
f 2781 2782 2783
f 2784 2785 2786
f 2786 2785 2787
f 2786 2787 2769
f 2769 2787 2788
f 2769 2788 2770
f 2789 2790 2791
f 2791 2790 2792
f 2791 2792 2793
f 2793 2792 2794
f 2793 2794 2784
f 2784 2794 2795
f 2784 2795 2785
f 2796 2797 2798
f 2796 2798 2799
f 2799 2798 2800
f 2799 2800 2801
f 2801 2800 2802
f 2801 2802 2789
f 2789 2802 2790
f 2782 2803 2783
f 2783 2803 2804
f 2783 2804 2805
f 2805 2804 2806
f 2806 2804 2807
f 2806 2807 2796
f 2796 2807 2797
f 2808 2809 2810
f 2808 2810 2811
f 2811 2810 2812
f 2811 2812 2813
f 2813 2812 2814
f 2813 2814 2815
f 2816 2817 2818
f 2816 2818 2819
f 2819 2818 2820
f 2819 2820 2821
f 2821 2820 2822
f 2821 2822 2823
f 2814 2824 2815
f 2815 2824 2825
f 2815 2825 2826
f 2826 2825 2827
f 2826 2827 2828
f 2828 2827 2829
f 2828 2829 2830
f 2823 2822 2831
f 2823 2831 2832
f 2832 2831 2833
f 2832 2833 2834
f 2834 2833 2835
f 2834 2835 2808
f 2808 2835 2809
f 2836 2837 2838
f 2838 2837 2839
f 2838 2839 2840
f 2840 2839 2841
f 2840 2841 2816
f 2816 2841 2817
f 2830 2829 2842
f 2830 2842 2843
f 2843 2842 2844
f 2843 2844 2845
f 2845 2844 2846
f 2845 2846 2836
f 2836 2846 2837
f 2847 2848 2849
f 2850 2851 2852
f 2852 2851 2853
f 2852 2853 2854
f 2855 2856 2850
f 2850 2856 2851
f 2857 2858 2859
f 2859 2858 2860
f 2859 2860 2855
f 2855 2860 2856
f 2861 2862 2863
f 2863 2862 2864
f 2854 2853 2861
f 2861 2853 2865
f 2861 2865 2862
f 2866 2867 2857
f 2857 2867 2858
f 2868 2869 2870
f 2870 2869 2871
f 2872 2873 2874
f 2874 2873 2875
f 2876 2849 2877
f 2877 2849 2866
f 2866 2849 2867
f 2873 2878 2875
f 2875 2878 2868
f 2868 2878 2879
f 2868 2879 2869
f 2864 2862 2880
f 2864 2880 2872
f 2872 2880 2873
f 2881 2847 2876
f 2876 2847 2849
f 2871 2869 2882
f 2871 2882 2883
f 2883 2882 2847
f 2883 2847 2881
f 2884 2885 2886
f 2886 2885 2887
f 2888 2889 2890
f 2890 2889 2891
f 2892 2893 2894
f 2894 2893 2895
f 2891 2889 2896
f 2891 2896 2884
f 2884 2896 2885
f 2895 2893 2897
f 2895 2897 2888
f 2888 2897 2889
f 2885 2898 2887
f 2887 2898 2899
f 2899 2898 2900
f 2899 2900 2901
f 2902 2903 2892
f 2892 2903 2893
f 2904 2905 2906
f 2906 2905 2902
f 2902 2905 2903
f 2907 2908 2909
f 2909 2908 2910
f 2909 2910 2911
f 2912 2913 2907
f 2907 2913 2908
f 2911 2910 2914
f 2911 2914 2904
f 2904 2914 2905
f 2915 2916 2917
f 2917 2916 2912
f 2912 2916 2913
f 2901 2900 2918
f 2901 2918 2915
f 2915 2918 2916
f 2918 2900 2919
f 2919 2900 2920
f 2920 2900 2898
f 2920 2898 2921
f 2921 2898 2885
f 2921 2885 2922
f 2922 2885 2923
f 2923 2885 2896
f 2923 2896 2924
f 2924 2896 2889
f 2924 2889 2925
f 2889 2897 2925
f 2925 2897 2926
f 2926 2897 2893
f 2926 2893 2927
f 2928 2903 2929
f 2929 2903 2905
f 2929 2905 2930
f 2930 2905 2914
f 2918 2919 2931
f 2918 2931 2916
f 2916 2931 2932
f 2916 2932 2913
f 2913 2932 2933
f 2913 2933 2908
f 2908 2933 2934
f 2908 2934 2910
f 2910 2934 2935
f 2910 2935 2914
f 2926 2936 2925
f 2925 2936 2937
f 2925 2937 2924
f 2924 2937 2938
f 2924 2938 2923
f 2920 2939 2919
f 2919 2939 2940
f 2919 2940 2941
f 2919 2941 2931
f 2931 2941 2932
f 2934 2942 2935
f 2935 2943 2914
f 2914 2943 2930
f 2927 2944 2945
f 2927 2945 2946
f 2927 2946 2926
f 2926 2946 2936
f 2938 2947 2923
f 2923 2947 2922
f 2922 2947 2948
f 2922 2948 2921
f 2921 2948 2949
f 2921 2949 2920
f 2920 2949 2939
f 2941 2950 2932
f 2932 2950 2951
f 2932 2951 2933
f 2933 2951 2942
f 2933 2942 2934
f 2942 2952 2935
f 2935 2952 2943
f 2930 2953 2929
f 2929 2953 2954
f 2929 2954 2928
f 2928 2954 2944
f 2928 2944 2927
f 2946 2955 2936
f 2936 2955 2956
f 2936 2956 2937
f 2937 2956 2938
f 2938 2957 2947
f 2949 2958 2939
f 2939 2958 2959
f 2939 2959 2940
f 2940 2959 2960
f 2940 2960 2941
f 2941 2960 2961
f 2941 2961 2950
f 2942 2962 2952
f 2952 2963 2943
f 2943 2963 2930
f 2930 2963 2953
f 2944 2964 2945
f 2945 2964 2965
f 2945 2965 2946
f 2946 2965 2955
f 2956 2957 2938
f 2957 2966 2947
f 2947 2966 2967
f 2947 2967 2948
f 2948 2967 2968
f 2948 2968 2949
f 2949 2968 2958
f 2961 2969 2950
f 2950 2969 2970
f 2950 2970 2951
f 2951 2970 2962
f 2951 2962 2942
f 2962 2971 2952
f 2952 2971 2963
f 2963 2972 2953
f 2953 2972 2973
f 2953 2973 2954
f 2954 2973 2974
f 2954 2974 2944
f 2965 2975 2955
f 2955 2975 2956
f 2956 2975 2878
f 2956 2878 2957
f 2957 2878 2966
f 2958 2976 2959
f 2959 2976 2865
f 2959 2865 2960
f 2960 2865 2961
f 2970 2860 2962
f 2962 2860 2971
f 2971 2867 2963
f 2963 2867 2972
f 2964 2882 2965
f 2965 2882 2869
f 2965 2869 2975
f 2975 2869 2879
f 2975 2879 2878
f 2878 2873 2966
f 2966 2873 2967
f 2964 2847 2882
f 2970 2856 2860
f 2860 2858 2971
f 2971 2858 2867
f 2972 2867 2849
f 2972 2849 2973
f 2973 2849 2848
f 2973 2848 2974
f 2974 2848 2847
f 2974 2847 2964
f 2974 2964 2944
f 2928 2927 2903
f 2903 2927 2893
f 2873 2880 2967
f 2967 2880 2968
f 2968 2880 2862
f 2968 2862 2958
f 2958 2862 2976
f 2976 2862 2865
f 2865 2853 2961
f 2961 2853 2851
f 2961 2851 2969
f 2969 2851 2970
f 2970 2851 2856
f 2977 2978 2979
f 2977 2979 2980
f 2980 2979 2981
f 2980 2981 2982
f 2982 2981 2983
f 2982 2983 2984
f 2984 2983 2985
f 2984 2985 2986
f 2986 2985 2987
f 2986 2987 2988
f 2988 2987 2989
f 2988 2989 2990
f 2991 2992 2993
f 2993 2992 2994
f 2993 2994 2995
f 2995 2994 2996
f 2995 2996 2997
f 2997 2996 2998
f 2997 2998 2999
f 2997 2999 3000
f 3000 2999 3001
f 3000 3001 3002
f 3002 3001 2859
f 3002 2859 3003
f 3002 3003 2977
f 2977 3003 2978
f 3004 3005 3006
f 3006 3005 3007
f 3006 3007 3008
f 3008 3007 3009
f 3008 3009 2991
f 2991 3009 2992
f 2989 3010 2990
f 2990 3010 3011
f 2990 3011 3012
f 3012 3011 3013
f 3012 3013 2875
f 3012 2875 3004
f 3004 2875 3014
f 3004 3014 3005
f 3015 3016 3017
f 3017 3016 3018
f 3017 3018 3019
f 3019 3018 3020
f 3019 3020 3021
f 3019 3021 3022
f 3022 3021 3023
f 3022 3023 3024
f 3024 3023 3025
f 3024 3025 3026
f 3027 3028 3029
f 3029 3028 3030
f 3029 3030 3031
f 3031 3030 2909
f 3031 2909 3032
f 3031 3032 3015
f 3015 3032 3016
f 3033 3034 3035
f 3035 3034 3036
f 3035 3036 3027
f 3027 3036 3037
f 3027 3037 3028
f 3038 3039 3040
f 3038 3040 3041
f 3041 3040 3042
f 3041 3042 3043
f 3043 3042 3044
f 3043 3044 3045
f 3043 3045 3033
f 3033 3045 3034
f 3025 3046 3026
f 3026 3046 3047
f 3047 3046 3048
f 3047 3048 3049
f 3049 3048 2891
f 3049 2891 3050
f 3049 3050 3038
f 3038 3050 3039
f 3051 3052 3053
f 3054 3055 3056
f 3057 3058 3059
f 3059 3058 3060
f 3059 3060 3061
f 3062 3063 3064
f 3064 3063 3055
f 3055 3063 3056
f 3065 3066 3057
f 3057 3066 3058
f 3067 3068 3069
f 3054 3056 3070
f 3054 3070 3071
f 3071 3070 3068
f 3068 3070 3069
f 3060 3072 3061
f 3061 3072 3062
f 3062 3072 3063
f 3073 3074 3075
f 3075 3074 3065
f 3065 3074 3066
f 3076 3077 3073
f 3073 3077 3074
f 3069 3078 3067
f 3067 3078 3079
f 3079 3078 3080
f 3081 3051 3082
f 3082 3051 3083
f 3051 3053 3083
f 3083 3053 3084
f 3084 3053 3076
f 3076 3053 3077
f 3078 3085 3080
f 3080 3085 3081
f 3081 3085 3051
f 3086 3087 3088
f 3089 3090 3091
f 3091 3090 3092
f 3093 3094 3095
f 3095 3094 3096
f 3097 3098 3099
f 3099 3098 3100
f 3099 3100 3101
f 3096 3094 3102
f 3096 3102 3089
f 3089 3102 3090
f 3100 3103 3101
f 3101 3103 3093
f 3093 3103 3094
f 3104 3105 3106
f 3106 3105 3107
f 3108 3109 3110
f 3110 3109 3086
f 3110 3086 3111
f 3112 3113 3114
f 3114 3113 3108
f 3108 3113 3109
f 3092 3090 3115
f 3092 3115 3112
f 3112 3115 3113
f 3105 3116 3107
f 3107 3116 3097
f 3097 3116 3098
f 3117 3118 3104
f 3104 3118 3105
f 3119 3088 3120
f 3120 3088 3117
f 3117 3088 3118
f 3111 3086 3119
f 3119 3086 3088
f 3121 3051 3085
f 3121 3085 3122
f 3122 3085 3078
f 3122 3078 3123
f 3123 3078 3124
f 3124 3078 3069
f 3124 3069 3125
f 3125 3069 3070
f 3125 3070 3126
f 3070 3056 3126
f 3126 3056 3127
f 3127 3056 3063
f 3127 3063 3128
f 3128 3072 3129
f 3129 3072 3060
f 3129 3060 3130
f 3130 3060 3058
f 3130 3058 3131
f 3121 3132 3051
f 3051 3132 3052
f 3052 3133 3053
f 3053 3133 3134
f 3053 3134 3077
f 3077 3134 3135
f 3077 3135 3074
f 3074 3135 3136
f 3074 3136 3066
f 3066 3136 3131
f 3066 3131 3058
f 3128 3137 3138
f 3128 3138 3127
f 3126 3139 3125
f 3125 3139 3140
f 3125 3140 3124
f 3122 3141 3121
f 3121 3141 3132
f 3132 3142 3052
f 3052 3142 3133
f 3133 3142 3134
f 3135 3143 3136
f 3129 3144 3137
f 3129 3137 3128
f 3138 3145 3127
f 3127 3145 3146
f 3127 3146 3126
f 3126 3146 3139
f 3124 3147 3123
f 3123 3147 3148
f 3123 3148 3122
f 3122 3148 3149
f 3122 3149 3141
f 3141 3150 3132
f 3132 3150 3142
f 3142 3151 3134
f 3134 3151 3152
f 3134 3152 3135
f 3135 3152 3143
f 3143 3153 3136
f 3136 3153 3154
f 3136 3154 3131
f 3131 3154 3155
f 3131 3155 3130
f 3130 3155 3156
f 3130 3156 3129
f 3129 3156 3144
f 3144 3157 3137
f 3139 3158 3140
f 3140 3158 3159
f 3140 3159 3124
f 3124 3159 3147
f 3149 3160 3141
f 3141 3160 3150
f 3150 3161 3142
f 3142 3161 3151
f 3152 3162 3143
f 3143 3162 3153
f 3156 3157 3144
f 3157 3163 3137
f 3138 3164 3145
f 3145 3165 3146
f 3146 3165 3166
f 3146 3166 3139
f 3139 3166 3158
f 3159 3167 3147
f 3147 3167 3168
f 3147 3168 3148
f 3148 3168 3169
f 3148 3169 3149
f 3149 3169 3160
f 3160 3170 3150
f 3150 3170 3161
f 3161 3171 3151
f 3151 3171 3172
f 3151 3172 3152
f 3152 3172 3162
f 3162 3173 3153
f 3153 3173 3174
f 3153 3174 3154
f 3154 3174 3175
f 3154 3175 3155
f 3155 3175 3176
f 3155 3176 3156
f 3156 3176 3157
f 3145 3164 3165
f 3166 3177 3158
f 3158 3177 3159
f 3159 3177 3167
f 3169 3170 3160
f 3170 3178 3161
f 3161 3178 3171
f 3172 3173 3162
f 3176 3087 3157
f 3157 3087 3163
f 3164 3086 3109
f 3164 3109 3165
f 3165 3109 3113
f 3165 3113 3166
f 3166 3113 3177
f 3177 3113 3115
f 3177 3115 3090
f 3177 3090 3167
f 3167 3090 3168
f 3172 3116 3173
f 3173 3116 3105
f 3173 3105 3174
f 3174 3105 3118
f 3174 3118 3175
f 3175 3118 3088
f 3175 3088 3176
f 3176 3088 3087
f 3163 3087 3086
f 3163 3086 3164
f 3163 3164 3138
f 3163 3138 3137
f 3072 3128 3063
f 3090 3102 3168
f 3168 3102 3169
f 3169 3102 3094
f 3169 3094 3170
f 3170 3094 3103
f 3170 3103 3178
f 3178 3103 3100
f 3178 3100 3171
f 3171 3100 3098
f 3171 3098 3172
f 3172 3098 3116
f 3179 3180 3181
f 3179 3181 3182
f 3182 3181 3183
f 3183 3181 3184
f 3183 3184 3185
f 3184 3186 3185
f 3185 3186 3187
f 3185 3187 3188
f 3188 3187 3189
f 3188 3189 3190
f 3190 3189 3191
f 3190 3191 3192
f 3193 3194 3195
f 3193 3195 3196
f 3196 3195 3197
f 3197 3195 3075
f 3197 3075 3198
f 3197 3198 3179
f 3179 3198 3180
f 3199 3200 3201
f 3201 3200 3202
f 3201 3202 3203
f 3203 3202 3204
f 3203 3204 3193
f 3193 3204 3194
f 3205 3206 3207
f 3207 3206 3208
f 3208 3206 3209
f 3208 3209 3210
f 3210 3209 3211
f 3210 3211 3199
f 3199 3211 3212
f 3199 3212 3200
f 3191 3213 3192
f 3192 3213 3214
f 3214 3213 3215
f 3214 3215 3216
f 3216 3215 3068
f 3216 3068 3205
f 3205 3068 3217
f 3205 3217 3206
f 3218 3219 3220
f 3220 3219 3221
f 3220 3221 3222
f 3222 3221 3223
f 3222 3223 3224
f 3224 3223 3225
f 3224 3225 3226
f 3227 3228 3229
f 3229 3228 3230
f 3229 3230 3092
f 3229 3092 3231
f 3231 3092 3232
f 3231 3232 3233
f 3225 3234 3226
f 3226 3234 3235
f 3235 3234 3236
f 3235 3236 3237
f 3237 3236 3106
f 3237 3106 3238
f 3237 3238 3239
f 3232 3240 3233
f 3233 3240 3241
f 3233 3241 3242
f 3242 3241 3243
f 3242 3243 3218
f 3218 3243 3244
f 3218 3244 3219
f 3238 3245 3239
f 3239 3245 3246
f 3239 3246 3247
f 3247 3246 3248
f 3248 3246 3249
f 3248 3249 3250
f 3248 3250 3251
f 3250 3252 3251
f 3251 3252 3253
f 3253 3252 3254
f 3253 3254 3255
f 3253 3255 3256
f 3256 3255 3257
f 3256 3257 3227
f 3227 3257 3228
f 3258 3259 3260
f 3260 3259 3261
f 3260 3261 3262
f 3262 3261 3263
f 3262 3263 3264
f 3265 3266 3267
f 3267 3266 3268
f 3267 3268 3269
f 3267 3269 3270
f 3270 3269 3271
f 3270 3271 3258
f 3258 3271 3259
f 3272 3273 3274
f 3274 3273 3275
f 3275 3273 3276
f 3275 3276 3277
f 3275 3277 3278
f 3279 3280 3281
f 3279 3281 3282
f 3282 3281 3283
f 3282 3283 3284
f 3284 3283 3285
f 3284 3285 3265
f 3265 3285 3266
f 3264 3263 3286
f 3264 3286 3287
f 3287 3286 3288
f 3287 3288 3289
f 3289 3288 3290
f 3289 3290 3272
f 3272 3290 3291
f 3272 3291 3273
f 3277 3292 3278
f 3278 3292 3293
f 3293 3292 3294
f 3293 3294 3295
f 3295 3294 3296
f 3295 3296 3297
f 3295 3297 3279
f 3279 3297 3280
f 3298 3299 3300
f 3300 3299 3301
f 3300 3301 3302
f 3300 3302 3303
f 3303 3302 3304
f 3303 3304 3305
f 3304 3306 3305
f 3305 3306 3307
f 3307 3306 3308
f 3307 3308 3309
f 3307 3309 3310
f 3310 3309 3311
f 3310 3311 3312
f 3312 3311 3313
f 3312 3313 3314
f 3315 3316 3317
f 3317 3316 3318
f 3317 3318 3319
f 3319 3318 3320
f 3319 3320 3321
f 3321 3320 3322
f 3321 3322 3298
f 3298 3322 3299
f 3323 3324 3325
f 3323 3325 3326
f 3326 3325 3327
f 3326 3327 3328
f 3328 3327 3329
f 3328 3329 3315
f 3315 3329 3316
f 3330 3331 3332
f 3332 3331 3333
f 3332 3333 3334
f 3334 3333 3335
f 3334 3335 3323
f 3323 3335 3324
f 3314 3313 3336
f 3314 3336 3337
f 3337 3336 3338
f 3337 3338 3339
f 3339 3338 3340
f 3339 3340 3330
f 3330 3340 3331
f 3341 3342 3343
f 3343 3342 3344
f 3345 3346 3347
f 3348 3349 3350
f 3350 3349 3347
f 3350 3347 3346
f 3351 3352 3341
f 3341 3352 3342
f 3347 3353 3345
f 3345 3353 3354
f 3354 3353 3355
f 3354 3355 3356
f 3344 3342 3357
f 3344 3357 3348
f 3348 3357 3349
f 3358 3359 3360
f 3360 3359 3351
f 3351 3359 3352
f 3361 3362 3363
f 3364 3365 3366
f 3366 3365 3362
f 3362 3365 3363
f 3367 3368 3358
f 3358 3368 3359
f 3363 3369 3361
f 3361 3369 3370
f 3370 3369 3367
f 3367 3369 3371
f 3367 3371 3368
f 3372 3373 3364
f 3364 3373 3374
f 3364 3374 3365
f 3356 3355 3375
f 3356 3375 3372
f 3372 3375 3373
f 3376 3377 3378
f 3378 3377 3379
f 3378 3379 3380
f 3380 3379 3381
f 3380 3381 3382
f 3382 3381 3383
f 3384 3383 3385
f 3384 3385 3386
f 3386 3385 3387
f 3376 3388 3389
f 3376 3389 3377
f 3390 3391 3392
f 3392 3391 3393
f 3392 3393 3394
f 3394 3393 3395
f 3394 3395 3396
f 3396 3395 3397
f 3397 3398 3399
f 3399 3398 3388
f 3399 3388 3376
f 3390 3400 3391
f 3400 3390 3401
f 3400 3401 3402
f 3402 3401 3403
f 3402 3403 3404
f 3404 3403 3405
f 3404 3405 3406
f 3406 3405 3407
f 3406 3407 3408
f 3408 3407 3409
f 3408 3409 3387
f 3387 3410 3408
f 3400 3411 3391
f 3395 3412 3397
f 3397 3412 3398
f 3398 3413 3388
f 3388 3413 3389
f 3377 3414 3379
f 3381 3415 3383
f 3383 3415 3416
f 3383 3416 3385
f 3385 3416 3387
f 3387 3417 3410
f 3410 3418 3408
f 3408 3418 3419
f 3408 3419 3406
f 3406 3419 3420
f 3406 3420 3404
f 3404 3420 3402
f 3402 3421 3400
f 3400 3421 3411
f 3391 3411 3422
f 3391 3422 3423
f 3391 3423 3393
f 3393 3423 3424
f 3393 3424 3395
f 3395 3424 3412
f 3389 3414 3377
f 3414 3425 3379
f 3379 3425 3426
f 3379 3426 3381
f 3381 3426 3427
f 3381 3427 3415
f 3417 3428 3410
f 3410 3428 3418
f 3402 3420 3421
f 3421 3429 3411
f 3411 3429 3422
f 3424 3430 3412
f 3412 3430 3431
f 3412 3431 3398
f 3398 3431 3413
f 3413 3432 3389
f 3389 3432 3433
f 3389 3433 3414
f 3415 3427 3434
f 3415 3434 3416
f 3416 3434 3435
f 3416 3435 3387
f 3417 3436 3428
f 3428 3437 3418
f 3418 3437 3419
f 3419 3437 3438
f 3419 3438 3420
f 3420 3439 3421
f 3421 3439 3440
f 3421 3440 3429
f 3429 3441 3422
f 3422 3441 3442
f 3422 3442 3423
f 3423 3442 3443
f 3423 3443 3424
f 3424 3443 3444
f 3424 3444 3430
f 3431 3445 3413
f 3413 3445 3432
f 3432 3446 3433
f 3433 3447 3414
f 3414 3447 3425
f 3425 3448 3426
f 3426 3448 3449
f 3426 3449 3427
f 3436 3365 3428
f 3428 3365 3437
f 3438 3439 3420
f 3440 3441 3429
f 3444 3450 3430
f 3430 3450 3445
f 3430 3445 3431
f 3445 3446 3432
f 3446 3447 3433
f 3447 3448 3425
f 3449 3371 3427
f 3427 3371 3434
f 3434 3371 3451
f 3434 3451 3435
f 3435 3451 3436
f 3447 3352 3359
f 3447 3359 3448
f 3448 3359 3368
f 3448 3368 3449
f 3449 3368 3371
f 3371 3369 3451
f 3451 3369 3363
f 3451 3363 3436
f 3435 3436 3417
f 3435 3417 3387
f 3386 3387 3409
f 3441 3353 3347
f 3441 3347 3442
f 3442 3347 3443
f 3443 3347 3349
f 3443 3349 3444
f 3444 3349 3450
f 3450 3349 3357
f 3450 3357 3445
f 3445 3357 3342
f 3445 3342 3446
f 3446 3342 3352
f 3446 3352 3447
f 3436 3363 3365
f 3365 3374 3437
f 3437 3374 3373
f 3437 3373 3438
f 3438 3373 3375
f 3438 3375 3439
f 3439 3375 3355
f 3439 3355 3440
f 3440 3355 3353
f 3440 3353 3441
f 3452 3453 3380
f 3380 3382 3452
f 3452 3382 3454
f 3454 3382 3383
f 3454 3383 3455
f 3456 3376 3457
f 3457 3376 3378
f 3457 3378 3453
f 3453 3378 3380
f 3458 3399 3456
f 3456 3399 3376
f 3459 3397 3460
f 3460 3397 3399
f 3460 3399 3458
f 3383 3384 3455
f 3455 3384 3461
f 3462 3396 3459
f 3459 3396 3397
f 3463 3392 3464
f 3464 3392 3462
f 3462 3392 3394
f 3462 3394 3396
f 3465 3401 3466
f 3466 3401 3467
f 3468 3405 3465
f 3465 3405 3403
f 3465 3403 3401
f 3384 3386 3461
f 3461 3386 3469
f 3469 3386 3409
f 3469 3409 3470
f 3470 3409 3407
f 3470 3407 3468
f 3468 3407 3405
f 3401 3390 3467
f 3467 3390 3463
f 3463 3390 3392
f 3471 3472 3473
f 3473 3472 3474
f 3473 3474 3475
f 3476 3477 3471
f 3471 3477 3472
f 3478 3479 3480
f 3481 3482 3483
f 3483 3482 3479
f 3479 3482 3480
f 3484 3485 3481
f 3481 3485 3486
f 3481 3486 3482
f 3487 3488 3489
f 3489 3488 3490
f 3489 3490 3484
f 3484 3490 3485
f 3491 3492 3493
f 3493 3492 3494
f 3495 3496 3497
f 3497 3496 3498
f 3475 3474 3499
f 3475 3499 3487
f 3487 3499 3488
f 3500 3501 3502
f 3502 3501 3476
f 3476 3501 3477
f 3498 3496 3503
f 3498 3503 3491
f 3491 3503 3492
f 3480 3504 3478
f 3478 3504 3505
f 3478 3505 3495
f 3495 3505 3496
f 3492 3506 3494
f 3494 3506 3507
f 3494 3507 3500
f 3500 3507 3501
f 3508 3509 3510
f 3510 3509 3511
f 3512 3513 3514
f 3514 3513 3515
f 3514 3515 3516
f 3517 3518 3519
f 3520 3521 3519
f 3519 3521 3517
f 3522 3523 3524
f 3524 3523 3525
f 3524 3525 3526
f 3516 3515 3527
f 3516 3527 3508
f 3508 3527 3509
f 3528 3529 3512
f 3512 3529 3513
f 3530 3531 3532
f 3532 3531 3528
f 3528 3531 3533
f 3528 3533 3529
f 3517 3534 3518
f 3518 3534 3535
f 3535 3534 3536
f 3535 3536 3537
f 3538 3539 3540
f 3540 3539 3541
f 3540 3541 3520
f 3520 3541 3521
f 3511 3509 3542
f 3511 3542 3522
f 3522 3542 3523
f 3537 3536 3543
f 3537 3543 3530
f 3530 3543 3531
f 3526 3525 3538
f 3538 3525 3539
f 3472 3544 3545
f 3472 3545 3474
f 3474 3545 3546
f 3474 3546 3499
f 3499 3546 3547
f 3499 3547 3488
f 3488 3547 3490
f 3485 3490 3548
f 3485 3548 3486
f 3486 3548 3549
f 3472 3550 3544
f 3503 3551 3552
f 3503 3552 3492
f 3492 3552 3506
f 3506 3552 3553
f 3506 3553 3507
f 3507 3553 3554
f 3507 3554 3501
f 3501 3554 3555
f 3501 3555 3550
f 3501 3550 3477
f 3477 3550 3472
f 3503 3556 3551
f 3556 3503 3496
f 3556 3496 3557
f 3557 3496 3505
f 3557 3505 3558
f 3558 3505 3504
f 3558 3504 3559
f 3559 3504 3480
f 3480 3482 3560
f 3560 3561 3480
f 3480 3561 3559
f 3554 3562 3555
f 3550 3563 3544
f 3546 3564 3547
f 3547 3564 3565
f 3547 3565 3490
f 3490 3565 3566
f 3490 3566 3548
f 3560 3567 3568
f 3560 3568 3561
f 3561 3569 3559
f 3559 3569 3558
f 3558 3569 3570
f 3558 3570 3557
f 3557 3570 3571
f 3557 3571 3556
f 3556 3571 3572
f 3556 3572 3551
f 3551 3572 3573
f 3551 3573 3574
f 3551 3574 3552
f 3552 3574 3575
f 3552 3575 3553
f 3553 3575 3562
f 3553 3562 3554
f 3562 3576 3555
f 3555 3576 3563
f 3555 3563 3550
f 3563 3577 3544
f 3544 3577 3578
f 3544 3578 3545
f 3545 3578 3546
f 3566 3579 3548
f 3548 3579 3567
f 3548 3567 3549
f 3568 3580 3561
f 3561 3580 3569
f 3562 3581 3576
f 3578 3582 3546
f 3546 3582 3583
f 3546 3583 3564
f 3564 3583 3584
f 3564 3584 3565
f 3565 3584 3566
f 3567 3585 3568
f 3568 3585 3580
f 3580 3586 3569
f 3569 3586 3587
f 3569 3587 3570
f 3570 3587 3588
f 3570 3588 3571
f 3571 3588 3589
f 3571 3589 3572
f 3572 3589 3590
f 3572 3590 3591
f 3572 3591 3573
f 3573 3591 3574
f 3574 3591 3592
f 3574 3592 3575
f 3575 3592 3593
f 3575 3593 3562
f 3562 3593 3581
f 3581 3594 3576
f 3576 3594 3595
f 3576 3595 3563
f 3563 3595 3577
f 3577 3595 3596
f 3577 3596 3578
f 3578 3596 3582
f 3584 3597 3566
f 3566 3597 3598
f 3566 3598 3579
f 3579 3598 3599
f 3579 3599 3567
f 3585 3586 3580
f 3593 3594 3581
f 3582 3513 3583
f 3583 3513 3597
f 3583 3597 3584
f 3596 3527 3515
f 3596 3515 3582
f 3582 3515 3513
f 3513 3529 3597
f 3597 3529 3533
f 3597 3533 3598
f 3598 3533 3531
f 3598 3531 3543
f 3598 3543 3599
f 3599 3543 3585
f 3599 3585 3567
f 3549 3567 3560
f 3549 3560 3486
f 3486 3560 3482
f 3590 3539 3591
f 3591 3539 3525
f 3591 3525 3592
f 3592 3525 3523
f 3592 3523 3593
f 3593 3523 3542
f 3593 3542 3594
f 3594 3542 3509
f 3594 3509 3595
f 3595 3509 3527
f 3595 3527 3596
f 3585 3543 3536
f 3585 3536 3586
f 3586 3536 3534
f 3586 3534 3517
f 3586 3517 3587
f 3587 3517 3521
f 3587 3521 3588
f 3588 3521 3541
f 3588 3541 3589
f 3589 3541 3539
f 3589 3539 3590
f 3600 3601 3602
f 3602 3601 3603
f 3602 3603 3604
f 3604 3603 3605
f 3604 3605 3606
f 3604 3606 3607
f 3608 3609 3610
f 3610 3609 3611
f 3610 3611 3612
f 3612 3611 3613
f 3612 3613 3600
f 3600 3613 3614
f 3600 3614 3601
f 3615 3616 3617
f 3617 3616 3618
f 3617 3618 3619
f 3619 3618 3620
f 3619 3620 3608
f 3608 3620 3609
f 3621 3622 3623
f 3623 3622 3624
f 3623 3624 3625
f 3625 3624 3626
f 3625 3626 3627
f 3627 3626 3628
f 3606 3629 3607
f 3607 3629 3630
f 3630 3629 3631
f 3630 3631 3632
f 3632 3631 3633
f 3632 3633 3621
f 3621 3633 3634
f 3621 3634 3622
f 3627 3628 3635
f 3627 3635 3636
f 3636 3635 3637
f 3636 3637 3638
f 3638 3637 3615
f 3615 3637 3639
f 3615 3639 3616
f 3640 3641 3642
f 3640 3642 3643
f 3643 3642 3644
f 3644 3642 3645
f 3644 3645 3646
f 3647 3648 3649
f 3649 3648 3650
f 3649 3650 3651
f 3651 3650 3652
f 3651 3652 3653
f 3653 3652 3640
f 3640 3652 3641
f 3654 3655 3656
f 3654 3656 3657
f 3657 3656 3658
f 3658 3656 3659
f 3658 3659 3660
f 3658 3660 3647
f 3647 3660 3648
f 3661 3662 3663
f 3663 3662 3664
f 3663 3664 3665
f 3663 3665 3666
f 3666 3665 3667
f 3667 3665 3668
f 3667 3668 3669
f 3667 3669 3670
f 3645 3671 3646
f 3646 3671 3672
f 3646 3672 3673
f 3673 3672 3674
f 3673 3674 3675
f 3675 3674 3676
f 3675 3676 3661
f 3661 3676 3662
f 3670 3669 3677
f 3670 3677 3678
f 3678 3677 3679
f 3678 3679 3680
f 3680 3679 3681
f 3680 3681 3654
f 3654 3681 3655
f 3682 3683 3684
f 3684 3683 3685
f 3685 3683 3686
f 3685 3686 3687
f 3687 3686 3688
f 3689 3690 3691
f 3691 3690 3692
f 3691 3692 3693
f 3693 3692 3694
f 3693 3694 3695
f 3693 3695 3682
f 3682 3695 3696
f 3682 3696 3683
f 3697 3698 3699
f 3699 3698 3700
f 3699 3700 3701
f 3701 3700 3702
f 3701 3702 3703
f 3687 3688 3704
f 3687 3704 3705
f 3705 3704 3706
f 3705 3706 3707
f 3707 3706 3708
f 3707 3708 3697
f 3697 3708 3709
f 3697 3709 3698
f 3710 3711 3712
f 3712 3711 3713
f 3712 3713 3714
f 3714 3713 3715
f 3714 3715 3716
f 3714 3716 3689
f 3689 3716 3690
f 3702 3717 3703
f 3703 3717 3718
f 3718 3717 3719
f 3718 3719 3720
f 3720 3719 3721
f 3720 3721 3722
f 3722 3721 3723
f 3722 3723 3710
f 3710 3723 3711
f 3724 3725 3726
f 3724 3726 3727
f 3727 3726 3728
f 3727 3728 3729
f 3729 3728 3730
f 3730 3728 3731
f 3732 3733 3734
f 3732 3734 3735
f 3735 3734 3736
f 3735 3736 3737
f 3737 3736 3724
f 3724 3736 3725
f 3738 3739 3740
f 3740 3739 3741
f 3740 3741 3742
f 3742 3741 3743
f 3742 3743 3744
f 3742 3744 3732
f 3732 3744 3733
f 3745 3746 3747
f 3747 3746 3748
f 3747 3748 3749
f 3749 3748 3738
f 3738 3748 3750
f 3738 3750 3739
f 3751 3752 3753
f 3753 3752 3754
f 3753 3754 3755
f 3755 3754 3756
f 3755 3756 3745
f 3745 3756 3757
f 3745 3757 3746
f 3730 3731 3758
f 3730 3758 3759
f 3759 3758 3760
f 3759 3760 3761
f 3761 3760 3762
f 3761 3762 3763
f 3761 3763 3751
f 3751 3763 3752
f 3764 3765 3766
f 3767 3768 3769
f 3767 3769 3770
f 3770 3769 3771
f 3771 3769 3772
f 3771 3772 3773
f 3773 3772 3774
f 3773 3774 3775
f 3775 3774 3776
f 3776 3774 3777
f 3776 3777 3778
f 3778 3777 3779
f 3777 3780 3779
f 3779 3780 3781
f 3781 3780 3782
f 3781 3782 3783
f 3783 3782 3784
f 3785 3786 3787
f 3787 3786 3788
f 3787 3788 3789
f 3789 3788 3790
f 3768 3767 3791
f 3791 3767 3792
f 3791 3792 3793
f 3793 3792 3794
f 3793 3794 3795
f 3795 3794 3796
f 3795 3796 3797
f 3797 3796 3798
f 3797 3798 3799
f 3797 3799 3800
f 3800 3799 3789
f 3800 3789 3790
f 3775 3801 3773
f 3773 3801 3771
f 3767 3802 3792
f 3792 3803 3794
f 3794 3803 3796
f 3796 3804 3798
f 3799 3805 3789
f 3789 3805 3806
f 3789 3806 3807
f 3789 3807 3787
f 3787 3807 3785
f 3784 3808 3809
f 3784 3809 3783
f 3783 3809 3810
f 3783 3810 3781
f 3781 3810 3779
f 3779 3811 3778
f 3778 3811 3776
f 3776 3812 3813
f 3776 3813 3775
f 3775 3813 3801
f 3771 3814 3770
f 3770 3814 3815
f 3770 3815 3767
f 3767 3815 3802
f 3803 3816 3796
f 3796 3816 3804
f 3804 3817 3798
f 3798 3817 3818
f 3798 3818 3799
f 3799 3818 3805
f 3806 3819 3807
f 3785 3808 3784
f 3810 3811 3779
f 3811 3812 3776
f 3813 3820 3801
f 3801 3820 3814
f 3801 3814 3771
f 3802 3821 3792
f 3792 3821 3803
f 3803 3822 3816
f 3816 3817 3804
f 3805 3823 3819
f 3805 3819 3806
f 3819 3824 3807
f 3807 3824 3825
f 3807 3825 3785
f 3785 3825 3808
f 3808 3826 3809
f 3809 3826 3827
f 3809 3827 3810
f 3810 3827 3828
f 3810 3828 3811
f 3811 3829 3812
f 3812 3830 3813
f 3813 3830 3831
f 3813 3831 3820
f 3814 3832 3815
f 3815 3832 3833
f 3815 3833 3802
f 3802 3833 3821
f 3821 3834 3803
f 3803 3834 3822
f 3822 3835 3816
f 3816 3835 3817
f 3817 3836 3837
f 3817 3837 3818
f 3818 3837 3823
f 3818 3823 3805
f 3819 3838 3824
f 3825 3839 3808
f 3828 3829 3811
f 3829 3830 3812
f 3831 3840 3820
f 3820 3840 3814
f 3814 3840 3832
f 3833 3841 3821
f 3821 3841 3834
f 3834 3835 3822
f 3835 3836 3817
f 3823 3838 3819
f 3825 3824 3839
f 3826 3842 3827
f 3827 3842 3843
f 3827 3843 3828
f 3828 3843 3829
f 3829 3843 3844
f 3829 3844 3830
f 3830 3844 3845
f 3830 3845 3831
f 3831 3845 3840
f 3826 3764 3842
f 3835 3846 3836
f 3836 3846 3847
f 3836 3847 3837
f 3837 3847 3848
f 3837 3848 3823
f 3823 3848 3849
f 3823 3849 3838
f 3838 3849 3766
f 3838 3766 3824
f 3824 3766 3765
f 3824 3765 3839
f 3839 3765 3764
f 3839 3764 3826
f 3839 3826 3808
f 3785 3784 3786
f 3786 3784 3782
f 3845 3850 3840
f 3840 3850 3851
f 3840 3851 3832
f 3832 3851 3852
f 3832 3852 3833
f 3833 3852 3841
f 3834 3841 3853
f 3834 3853 3835
f 3835 3853 3846
f 3854 3853 3855
f 3855 3853 3856
f 3857 3848 3715
f 3715 3848 3847
f 3715 3847 3858
f 3859 3766 3860
f 3860 3766 3861
f 3862 3845 3863
f 3863 3845 3708
f 3864 3852 3865
f 3865 3852 3851
f 3865 3851 3866
f 3766 3849 3861
f 3861 3849 3857
f 3857 3849 3848
f 3866 3851 3850
f 3866 3850 3862
f 3862 3850 3845
f 3856 3853 3841
f 3856 3841 3864
f 3864 3841 3852
f 3858 3847 3846
f 3858 3846 3854
f 3854 3846 3853
f 3867 3843 3868
f 3868 3843 3869
f 3845 3844 3708
f 3708 3844 3867
f 3867 3844 3843
f 3869 3843 3842
f 3869 3842 3870
f 3870 3842 3764
f 3870 3764 3871
f 3871 3764 3859
f 3859 3764 3766
f 3768 3791 3793
f 3872 3777 3873
f 3873 3777 3762
f 3874 3780 3872
f 3872 3780 3777
f 3875 3782 3876
f 3876 3782 3874
f 3874 3782 3780
f 3877 3790 3878
f 3878 3790 3788
f 3878 3788 3879
f 3788 3786 3879
f 3879 3786 3875
f 3875 3786 3782
f 3880 3797 3743
f 3743 3797 3881
f 3882 3769 3883
f 3883 3769 3768
f 3883 3768 3884
f 3797 3800 3881
f 3881 3800 3877
f 3877 3800 3790
f 3885 3772 3886
f 3886 3772 3882
f 3882 3772 3769
f 3887 3793 3888
f 3888 3793 3889
f 3762 3777 3774
f 3762 3774 3885
f 3885 3774 3772
f 3793 3795 3889
f 3889 3795 3880
f 3880 3795 3797
f 3884 3768 3887
f 3887 3768 3793
f 3890 3891 3892
f 3892 3891 3893
f 3893 3891 3894
f 3893 3894 3895
f 3895 3894 3896
f 3895 3896 3897
f 3898 3899 3900
f 3900 3899 3901
f 3900 3901 3902
f 3902 3901 3903
f 3904 3905 3906
f 3906 3905 3907
f 3906 3907 3908
f 3908 3907 3909
f 3908 3909 3910
f 3908 3910 3911
f 3911 3910 3898
f 3898 3910 3912
f 3898 3912 3899
f 3902 3903 3913
f 3902 3913 3914
f 3914 3913 3915
f 3914 3915 3916
f 3916 3915 3917
f 3916 3917 3890
f 3890 3917 3918
f 3890 3918 3891
f 3919 3920 3921
f 3921 3920 3922
f 3921 3922 3923
f 3923 3922 3924
f 3923 3924 3925
f 3923 3925 3904
f 3904 3925 3905
f 3896 3926 3897
f 3897 3926 3927
f 3897 3927 3928
f 3928 3927 3929
f 3928 3929 3930
f 3930 3929 3931
f 3930 3931 3919
f 3919 3931 3932
f 3919 3932 3920
f 3933 3934 3935
f 3935 3934 3936
f 3935 3936 3937
f 3937 3936 3938
f 3937 3938 3939
f 3937 3939 3940
f 3941 3942 3943
f 3943 3942 3944
f 3943 3944 3945
f 3945 3944 3946
f 3945 3946 3933
f 3933 3946 3934
f 3947 3948 3949
f 3949 3948 3950
f 3949 3950 3951
f 3951 3950 3952
f 3951 3952 3953
f 3953 3952 3954
f 3953 3954 3955
f 3956 3957 3958
f 3958 3957 3959
f 3958 3959 3960
f 3960 3959 3961
f 3960 3961 3962
f 3960 3962 3941
f 3941 3962 3942
f 3939 3963 3940
f 3940 3963 3964
f 3964 3963 3965
f 3964 3965 3966
f 3966 3965 3967
f 3966 3967 3947
f 3947 3967 3968
f 3947 3968 3948
f 3954 3969 3955
f 3955 3969 3970
f 3970 3969 3971
f 3970 3971 3972
f 3972 3971 3973
f 3972 3973 3956
f 3956 3973 3957
f 3974 3975 3976
f 3977 3978 3979
f 3979 3978 3980
f 3976 3981 3974
f 3974 3981 3982
f 3982 3981 3983
f 3982 3983 3984
f 3985 3986 3924
f 3924 3986 3975
f 3975 3986 3976
f 3987 3988 3985
f 3985 3988 3986
f 3989 3990 3991
f 3991 3990 3987
f 3987 3990 3988
f 3917 3992 3977
f 3977 3992 3993
f 3977 3993 3978
f 3994 3995 3996
f 3996 3995 3992
f 3996 3992 3917
f 3997 3998 3994
f 3994 3998 3995
f 3999 4000 4001
f 4001 4000 3997
f 3997 4000 3998
f 4002 4003 3989
f 3989 4003 3990
f 3978 4004 3980
f 3980 4004 4005
f 4005 4004 4006
f 4005 4006 4002
f 4002 4006 4003
f 3984 3983 3999
f 3999 3983 4000
f 4007 4008 4009
f 4010 4007 4011
f 4011 4012 4013
f 4013 4012 4014
f 4014 4012 4015
f 4014 4015 4016
f 4016 4015 4017
f 4016 4017 4018
f 4018 4017 4019
f 4020 4019 4021
f 4020 4021 4022
f 4022 4021 4023
f 4022 4023 4024
f 4024 4025 4026
f 4026 4025 4027
f 4027 4025 4028
f 4027 4028 4029
f 4029 4028 4030
f 4029 4030 4031
f 4007 4010 4008
f 4008 4010 4032
f 4008 4032 4009
f 4009 4032 4033
f 4009 4033 4034
f 4034 4033 4035
f 4034 4035 4036
f 4034 4036 4037
f 4037 4036 4038
f 4037 4038 4039
f 4039 4038 4031
f 4039 4031 4030
f 4020 4040 4019
f 4019 4040 4018
f 4018 4040 4016
f 4016 4041 4014
f 4013 4042 4011
f 4011 4042 4043
f 4011 4043 4010
f 4010 4043 4044
f 4010 4044 4032
f 4036 4045 4038
f 4038 4045 4031
f 4024 4046 4022
f 4022 4046 4047
f 4022 4047 4048
f 4022 4048 4020
f 4020 4048 4040
f 4040 4049 4016
f 4016 4049 4041
f 4041 4050 4014
f 4014 4050 4051
f 4014 4051 4013
f 4013 4051 4042
f 4032 4044 4052
f 4032 4052 4033
f 4033 4052 4053
f 4033 4053 4035
f 4035 4053 4054
f 4035 4054 4036
f 4036 4054 4045
f 4031 4055 4056
f 4031 4056 4029
f 4029 4056 4027
f 4027 4057 4026
f 4026 4057 4058
f 4026 4058 4024
f 4048 4059 4040
f 4040 4059 4049
f 4049 4060 4041
f 4041 4060 4050
f 4051 4061 4042
f 4042 4061 4062
f 4042 4062 4043
f 4043 4062 4063
f 4043 4063 4044
f 4054 4064 4045
f 4045 4064 4065
f 4045 4065 4031
f 4031 4065 4055
f 4056 4057 4027
f 4046 4066 4067
f 4046 4067 4047
f 4047 4067 4068
f 4047 4068 4048
f 4048 4068 4059
f 4059 4069 4049
f 4049 4069 4060
f 4060 4070 4050
f 4050 4070 4071
f 4050 4071 4051
f 4051 4071 4061
f 4063 4072 4044
f 4044 4072 4052
f 4052 4072 4073
f 4052 4073 4053
f 4053 4073 4074
f 4053 4074 4054
f 4054 4074 4064
f 4065 4075 4055
f 4055 4075 4076
f 4055 4076 4056
f 4056 4076 4057
f 4057 4077 4078
f 4057 4078 4058
f 4068 3993 4059
f 4059 3993 4069
f 4062 4061 4079
f 4062 4079 4063
f 4063 4079 4072
f 4074 4080 4064
f 4064 4080 4065
f 4065 4080 4075
f 4076 4077 4057
f 4066 4006 4067
f 4067 4006 4004
f 4067 4004 4068
f 4068 4004 3978
f 4068 3978 3993
f 4069 3993 3992
f 4069 3992 4060
f 4060 3992 4070
f 4070 3992 3995
f 4003 4006 4066
f 4074 3976 4080
f 4080 3976 3986
f 4080 3986 4075
f 4075 3986 3988
f 4075 3988 4076
f 4076 3988 3990
f 4076 3990 4077
f 4077 3990 4003
f 4077 4003 4078
f 4078 4003 4066
f 4078 4066 4058
f 4058 4066 4046
f 4058 4046 4024
f 4025 4024 4023
f 4070 3995 4071
f 4071 3995 3998
f 4071 3998 4061
f 4061 3998 4000
f 4061 4000 4079
f 4079 4000 3983
f 4079 3983 4072
f 4072 3983 3981
f 4072 3981 4073
f 4073 3981 4074
f 4074 3981 3976
f 4081 4012 4082
f 4082 4012 4083
f 3967 4017 4081
f 4081 4017 4015
f 4081 4015 4012
f 4084 4019 4085
f 4085 4019 4017
f 4085 4017 3967
f 4086 4023 4087
f 4087 4023 4088
f 4089 4030 4090
f 4090 4030 4028
f 4090 4028 4091
f 4092 4039 4089
f 4089 4039 4030
f 4093 4009 4094
f 4094 4009 4095
f 4096 4007 4093
f 4093 4007 4009
f 4023 4021 4088
f 4088 4021 4084
f 4084 4021 4019
f 4028 4025 4091
f 4091 4025 4086
f 4086 4025 4023
f 4097 4037 3961
f 3961 4037 4092
f 4092 4037 4039
f 4009 4034 4095
f 4095 4034 4097
f 4097 4034 4037
f 4083 4012 4011
f 4083 4011 4098
f 4098 4011 4007
f 4098 4007 4096
f 4099 4100 4101
f 4101 4100 4102
f 4101 4102 4103
f 4104 4105 4106
f 4106 4105 4107
f 4106 4107 4108
f 4108 4107 4099
f 4099 4107 4100
f 4109 4110 4111
f 4111 4110 4112
f 4113 4114 4115
f 4115 4114 4116
f 4117 4118 4113
f 4113 4118 4114
f 4119 4120 4121
f 4121 4120 4122
f 4121 4122 4117
f 4117 4122 4118
f 4103 4102 4123
f 4103 4123 4124
f 4125 4126 4104
f 4104 4126 4105
f 4123 4127 4124
f 4124 4127 4119
f 4119 4127 4120
f 4128 4129 4130
f 4130 4129 4125
f 4125 4129 4126
f 4114 4131 4116
f 4116 4131 4132
f 4116 4132 4109
f 4109 4132 4110
f 4112 4110 4133
f 4112 4133 4128
f 4128 4133 4129
f 4134 4135 4136
f 4137 4138 4139
f 4136 4140 4134
f 4134 4140 4141
f 4141 4140 4139
f 4141 4139 4138
f 4142 4143 4144
f 4144 4143 4135
f 4135 4143 4136
f 4145 4146 4142
f 4142 4146 4143
f 4139 4147 4137
f 4137 4147 4148
f 4148 4147 4149
f 4148 4149 4150
f 4151 4152 4153
f 4153 4152 4145
f 4145 4152 4146
f 4154 4155 4151
f 4151 4155 4152
f 4156 4157 4158
f 4158 4157 4154
f 4154 4157 4159
f 4154 4159 4155
f 4150 4149 4160
f 4150 4160 4161
f 4162 4163 4156
f 4156 4163 4157
f 4164 4165 4166
f 4166 4165 4162
f 4162 4165 4163
f 4160 4167 4161
f 4161 4167 4164
f 4164 4167 4168
f 4164 4168 4165
f 4133 4169 4129
f 4129 4169 4170
f 4129 4170 4126
f 4126 4170 4171
f 4126 4171 4105
f 4105 4171 4172
f 4105 4172 4107
f 4107 4172 4173
f 4107 4173 4174
f 4107 4174 4100
f 4100 4174 4175
f 4133 4176 4169
f 4118 4177 4178
f 4118 4178 4114
f 4114 4178 4179
f 4114 4179 4131
f 4131 4179 4180
f 4131 4180 4132
f 4132 4180 4181
f 4132 4181 4110
f 4110 4181 4182
f 4110 4182 4176
f 4110 4176 4133
f 4118 4183 4177
f 4183 4118 4122
f 4183 4122 4184
f 4184 4122 4120
f 4184 4120 4185
f 4185 4120 4127
f 4185 4127 4123
f 4185 4123 4186
f 4186 4123 4102
f 4186 4102 4187
f 4187 4102 4175
f 4185 4188 4184
f 4184 4189 4183
f 4180 4190 4181
f 4176 4191 4169
f 4174 4192 4175
f 4175 4193 4194
f 4175 4194 4187
f 4187 4194 4186
f 4186 4194 4195
f 4186 4195 4185
f 4185 4195 4188
f 4188 4196 4184
f 4184 4196 4189
f 4189 4197 4183
f 4183 4197 4177
f 4177 4197 4198
f 4177 4198 4178
f 4178 4198 4199
f 4178 4199 4179
f 4179 4199 4190
f 4179 4190 4180
f 4190 4200 4181
f 4181 4200 4201
f 4181 4201 4182
f 4182 4201 4191
f 4182 4191 4176
f 4191 4202 4169
f 4169 4202 4203
f 4169 4203 4170
f 4170 4203 4204
f 4170 4204 4171
f 4171 4205 4172
f 4172 4205 4206
f 4172 4206 4173
f 4173 4206 4174
f 4194 4207 4195
f 4195 4208 4188
f 4188 4208 4196
f 4196 4209 4189
f 4189 4209 4197
f 4171 4204 4205
f 4206 4210 4174
f 4174 4210 4211
f 4174 4211 4192
f 4193 4212 4207
f 4193 4207 4194
f 4207 4213 4195
f 4195 4213 4208
f 4208 4214 4196
f 4196 4214 4209
f 4209 4215 4197
f 4197 4215 4216
f 4197 4216 4198
f 4198 4216 4217
f 4198 4217 4199
f 4199 4217 4218
f 4199 4218 4190
f 4190 4218 4200
f 4200 4219 4220
f 4200 4220 4201
f 4201 4220 4221
f 4201 4221 4191
f 4191 4221 4202
f 4202 4221 4222
f 4202 4222 4203
f 4203 4222 4223
f 4203 4223 4204
f 4204 4224 4205
f 4205 4224 4225
f 4205 4225 4206
f 4206 4225 4210
f 4213 4214 4208
f 4214 4226 4209
f 4209 4226 4215
f 4218 4219 4200
f 4223 4224 4204
f 4211 4210 4212
f 4222 4146 4152
f 4222 4152 4223
f 4223 4152 4224
f 4224 4152 4155
f 4224 4155 4159
f 4224 4159 4225
f 4225 4159 4157
f 4225 4157 4210
f 4210 4157 4163
f 4210 4163 4212
f 4211 4212 4193
f 4211 4193 4192
f 4192 4193 4175
f 4100 4175 4102
f 4215 4147 4216
f 4216 4147 4139
f 4216 4139 4217
f 4217 4139 4218
f 4218 4139 4140
f 4218 4140 4219
f 4219 4140 4136
f 4219 4136 4220
f 4220 4136 4143
f 4220 4143 4221
f 4221 4143 4146
f 4221 4146 4222
f 4212 4163 4207
f 4207 4163 4165
f 4207 4165 4213
f 4213 4165 4168
f 4213 4168 4167
f 4213 4167 4214
f 4214 4167 4160
f 4214 4160 4149
f 4214 4149 4226
f 4226 4149 4215
f 4215 4149 4147
f 4227 4228 4229
f 4227 4229 4230
f 4230 4229 4231
f 4230 4231 4232
f 4232 4231 4233
f 4232 4233 4234
f 4235 4236 4237
f 4237 4236 4238
f 4237 4238 4239
f 4239 4238 4240
f 4239 4240 4241
f 4241 4240 4242
f 4241 4242 4243
f 4244 4245 4246
f 4246 4245 4247
f 4246 4247 4248
f 4248 4247 4249
f 4248 4249 4235
f 4235 4249 4236
f 4243 4242 4250
f 4243 4250 4251
f 4251 4250 4252
f 4251 4252 4253
f 4253 4252 4254
f 4253 4254 4227
f 4227 4254 4228
f 4255 4256 4257
f 4257 4256 4258
f 4257 4258 4259
f 4257 4259 4244
f 4244 4259 4260
f 4244 4260 4245
f 4233 4261 4234
f 4234 4261 4262
f 4234 4262 4263
f 4263 4262 4264
f 4263 4264 4265
f 4265 4264 4266
f 4265 4266 4255
f 4255 4266 4256
f 4267 4268 4269
f 4267 4269 4270
f 4270 4269 4271
f 4270 4271 4272
f 4272 4271 4273
f 4272 4273 4274
f 4275 4276 4277
f 4277 4276 4278
f 4277 4278 4279
f 4279 4278 4280
f 4279 4280 4267
f 4267 4280 4268
f 4281 4282 4283
f 4283 4282 4284
f 4283 4284 4285
f 4285 4284 4286
f 4285 4286 4275
f 4275 4286 4287
f 4275 4287 4276
f 4288 4289 4290
f 4290 4289 4291
f 4290 4291 4292
f 4292 4291 4293
f 4293 4291 4294
f 4273 4295 4274
f 4274 4295 4296
f 4296 4295 4297
f 4296 4297 4298
f 4298 4297 4299
f 4298 4299 4288
f 4288 4299 4300
f 4288 4300 4289
f 4294 4301 4293
f 4293 4301 4302
f 4302 4301 4303
f 4302 4303 4304
f 4302 4304 4305
f 4305 4304 4306
f 4305 4306 4281
f 4281 4306 4282
f 4307 4308 4309
f 4309 4308 4310
f 4309 4310 4311
f 4311 4310 4312
f 4311 4312 4313
f 4313 4312 4314
f 4312 4315 4314
f 4314 4315 4316
f 4314 4316 4317
f 4317 4316 4318
f 4317 4318 4319
f 4319 4318 4320
f 4321 4322 4323
f 4323 4322 4324
f 4323 4324 4325
f 4325 4324 4326
f 4325 4326 4327
f 4327 4326 4328
f 4320 4329 4319
f 4319 4329 4330
f 4330 4329 4331
f 4330 4331 4332
f 4332 4331 4333
f 4332 4333 4334
f 4334 4333 4335
f 4326 4336 4328
f 4328 4336 4337
f 4328 4337 4338
f 4338 4337 4339
f 4338 4339 4307
f 4307 4339 4340
f 4307 4340 4308
f 4334 4335 4341
f 4334 4341 4342
f 4342 4341 4343
f 4343 4341 4344
f 4343 4344 4345
f 4345 4344 4346
f 4345 4346 4321
f 4321 4346 4322
f 4347 4348 4349
f 4347 4349 4350
f 4350 4349 4351
f 4350 4351 4352
f 4352 4351 4353
f 4352 4353 4354
f 4354 4353 4355
f 4354 4355 4356
f 4356 4355 4357
f 4356 4357 4358
f 4358 4357 4359
f 4359 4357 4360
f 4361 4362 4363
f 4363 4362 4364
f 4363 4364 4365
f 4365 4364 4366
f 4365 4366 4367
f 4367 4366 4368
f 4367 4368 4347
f 4347 4368 4348
f 4359 4360 4369
f 4359 4369 4370
f 4370 4369 4371
f 4370 4371 4372
f 4372 4371 4373
f 4372 4373 4374
f 4375 4376 4377
f 4375 4377 4378
f 4378 4377 4379
f 4378 4379 4361
f 4361 4379 4362
f 4373 4380 4374
f 4374 4380 4381
f 4374 4381 4382
f 4382 4381 4383
f 4382 4383 4384
f 4384 4383 4385
f 4384 4385 4375
f 4375 4385 4376
f 4386 4387 4388
f 4389 4390 4391
f 4391 4390 4387
f 4387 4390 4388
f 4392 4393 4394
f 4394 4393 4395
f 4394 4395 4396
f 4397 4398 4399
f 4399 4398 4400
f 4399 4400 4401
f 4402 4403 4404
f 4404 4403 4405
f 4404 4405 4406
f 4396 4395 4407
f 4396 4407 4389
f 4389 4407 4390
f 4408 4409 4410
f 4410 4409 4411
f 4410 4411 4412
f 4401 4400 4393
f 4401 4393 4392
f 4406 4405 4413
f 4406 4413 4408
f 4408 4413 4409
f 4414 4415 4402
f 4402 4415 4403
f 4388 4416 4386
f 4386 4416 4417
f 4386 4417 4418
f 4418 4417 4414
f 4414 4417 4415
f 4419 4420 4397
f 4397 4420 4398
f 4412 4411 4420
f 4412 4420 4419
f 4421 4422 4423
f 4422 4424 4425
f 4424 4426 4427
f 4424 4427 4425
f 4425 4427 4428
f 4425 4428 4429
f 4429 4428 4430
f 4431 4432 4433
f 4433 4434 4435
f 4435 4434 4436
f 4435 4436 4437
f 4437 4436 4438
f 4431 4439 4432
f 4440 4441 4442
f 4442 4441 4443
f 4442 4443 4444
f 4442 4444 4445
f 4445 4444 4446
f 4446 4444 4447
f 4446 4447 4439
f 4446 4439 4431
f 4441 4440 4448
f 4448 4440 4449
f 4448 4449 4450
f 4450 4449 4451
f 4450 4451 4452
f 4452 4451 4453
f 4452 4453 4454
f 4455 4425 4429
f 4455 4429 4456
f 4456 4429 4430
f 4456 4430 4457
f 4456 4457 4458
f 4441 4459 4443
f 4443 4460 4444
f 4444 4460 4447
f 4432 4461 4433
f 4433 4461 4434
f 4436 4462 4438
f 4454 4422 4463
f 4422 4425 4423
f 4423 4425 4455
f 4454 4463 4452
f 4452 4463 4464
f 4452 4464 4465
f 4452 4465 4450
f 4450 4465 4466
f 4450 4466 4448
f 4448 4466 4467
f 4448 4467 4441
f 4441 4467 4459
f 4459 4468 4443
f 4443 4468 4460
f 4460 4469 4447
f 4447 4469 4470
f 4447 4470 4439
f 4439 4470 4432
f 4432 4470 4471
f 4432 4471 4461
f 4434 4472 4436
f 4436 4472 4462
f 4423 4455 4473
f 4473 4455 4474
f 4474 4455 4456
f 4474 4456 4475
f 4475 4456 4458
f 4475 4458 4476
f 4459 4477 4468
f 4468 4478 4460
f 4460 4478 4469
f 4471 4479 4461
f 4461 4479 4480
f 4461 4480 4434
f 4434 4480 4472
f 4421 4423 4481
f 4481 4423 4473
f 4422 4482 4463
f 4463 4482 4483
f 4463 4483 4464
f 4464 4483 4484
f 4464 4484 4465
f 4465 4484 4485
f 4465 4485 4466
f 4466 4485 4486
f 4466 4486 4467
f 4467 4486 4477
f 4467 4477 4459
f 4477 4487 4468
f 4468 4487 4478
f 4478 4488 4469
f 4469 4488 4489
f 4469 4489 4470
f 4470 4489 4490
f 4470 4490 4479
f 4470 4479 4471
f 4480 4491 4472
f 4472 4491 4492
f 4472 4492 4462
f 4473 4474 4475
f 4475 4476 4493
f 4487 4413 4478
f 4478 4413 4488
f 4479 4416 4480
f 4480 4416 4491
f 4493 4407 4475
f 4475 4407 4395
f 4475 4395 4473
f 4473 4395 4393
f 4473 4393 4481
f 4481 4393 4421
f 4421 4393 4400
f 4421 4400 4482
f 4421 4482 4422
f 4424 4422 4454
f 4424 4454 4426
f 4426 4454 4453
f 4493 4390 4407
f 4490 4415 4479
f 4479 4415 4417
f 4479 4417 4416
f 4416 4388 4491
f 4491 4388 4390
f 4491 4390 4492
f 4492 4390 4493
f 4492 4493 4476
f 4492 4476 4462
f 4462 4476 4458
f 4462 4458 4438
f 4438 4458 4457
f 4477 4409 4487
f 4487 4409 4413
f 4413 4405 4488
f 4488 4405 4403
f 4488 4403 4489
f 4489 4403 4415
f 4489 4415 4490
f 4482 4400 4398
f 4482 4398 4483
f 4483 4398 4420
f 4483 4420 4484
f 4484 4420 4485
f 4485 4420 4411
f 4485 4411 4486
f 4486 4411 4477
f 4477 4411 4409
f 4437 4438 4457
f 4494 4449 4495
f 4495 4449 4440
f 4495 4440 4496
f 4497 4451 4494
f 4494 4451 4449
f 4498 4453 4497
f 4497 4453 4451
f 4499 4426 4500
f 4500 4426 4498
f 4498 4426 4453
f 4501 4430 4502
f 4502 4430 4428
f 4502 4428 4503
f 4504 4435 4505
f 4505 4435 4437
f 4505 4437 4506
f 4507 4431 4508
f 4508 4431 4509
f 4496 4440 4442
f 4496 4442 4510
f 4503 4428 4427
f 4503 4427 4499
f 4499 4427 4426
f 4506 4437 4457
f 4506 4457 4501
f 4501 4457 4430
f 4509 4431 4433
f 4509 4433 4504
f 4504 4433 4435
f 4510 4442 4511
f 4511 4442 4445
f 4511 4445 4512
f 4512 4445 4446
f 4512 4446 4507
f 4507 4446 4431
f 4513 4514 4515
f 4513 4515 4516
f 4517 4518 4519
f 4519 4518 4520
f 4520 4518 4521
f 4520 4521 4522
f 4522 4521 4523
f 4524 4525 4526
f 4524 4526 4527
f 4528 4529 4530
f 4530 4529 4531
f 4530 4531 4532
f 4532 4531 4533
f 4533 4531 4534
f 4533 4534 4535
f 4535 4534 4536
f 4535 4536 4537
f 4537 4536 4538
f 4538 4536 4539
f 4538 4539 4540
f 4540 4539 4514
f 4514 4539 4515
f 4515 4539 4541
f 4515 4541 4516
f 4516 4541 4542
f 4516 4542 4543
f 4543 4542 4544
f 4544 4542 4545
f 4544 4545 4546
f 4546 4545 4547
f 4547 4545 4548
f 4547 4548 4549
f 4549 4548 4517
f 4517 4548 4550
f 4517 4550 4518
f 4518 4550 4521
f 4523 4521 4551
f 4523 4551 4552
f 4552 4551 4553
f 4552 4553 4554
f 4554 4553 4555
f 4555 4553 4556
f 4555 4556 4557
f 4557 4556 4558
f 4558 4556 4559
f 4558 4559 4525
f 4525 4559 4526
f 4526 4559 4560
f 4526 4560 4527
f 4527 4560 4561
f 4527 4561 4562
f 4562 4561 4563
f 4563 4561 4564
f 4563 4564 4565
f 4565 4564 4566
f 4566 4564 4567
f 4566 4567 4568
f 4568 4567 4569
f 4568 4569 4570
f 4570 4569 4528
f 4528 4569 4529
f 4569 4571 4529
f 4529 4571 4572
f 4529 4572 4573
f 4529 4573 4574
f 4529 4574 4531
f 4531 4574 4575
f 4531 4575 4576
f 4531 4576 4577
f 4531 4577 4578
f 4531 4578 4534
f 4534 4578 4579
f 4536 4534 4580
f 4536 4580 4581
f 4536 4581 4582
f 4536 4582 4583
f 4536 4583 4539
f 4539 4583 4584
f 4539 4584 4585
f 4539 4585 4586
f 4539 4586 4587
f 4539 4587 4588
f 4539 4588 4541
f 4541 4588 4589
f 4541 4589 4590
f 4541 4590 4591
f 4541 4591 4542
f 4542 4591 4592
f 4542 4592 4593
f 4542 4593 4594
f 4542 4594 4595
f 4542 4595 4545
f 4545 4595 4596
f 4545 4596 4597
f 4545 4597 4598
f 4545 4598 4548
f 4548 4598 4599
f 4548 4599 4600
f 4548 4600 4601
f 4548 4601 4602
f 4548 4602 4550
f 4550 4602 4603
f 4550 4603 4604
f 4550 4604 4605
f 4550 4605 4606
f 4550 4606 4607
f 4550 4607 4521
f 4521 4607 4608
f 4521 4608 4609
f 4521 4609 4610
f 4521 4610 4551
f 4551 4610 4611
f 4551 4611 4612
f 4551 4612 4613
f 4551 4613 4553
f 4553 4613 4614
f 4553 4614 4615
f 4553 4615 4616
f 4553 4616 4617
f 4553 4617 4556
f 4556 4617 4618
f 4556 4618 4619
f 4556 4619 4620
f 4556 4620 4621
f 4556 4621 4559
f 4559 4621 4622
f 4559 4622 4623
f 4559 4623 4624
f 4559 4624 4560
f 4560 4624 4625
f 4560 4625 4626
f 4560 4626 4627
f 4560 4627 4561
f 4561 4627 4628
f 4561 4628 4629
f 4561 4629 4630
f 4561 4630 4631
f 4561 4631 4564
f 4564 4631 4632
f 4564 4632 4633
f 4564 4633 4634
f 4564 4634 4635
f 4564 4635 4567
f 4567 4635 4636
f 4567 4636 4637
f 4567 4637 4638
f 4567 4638 4569
f 4569 4638 4639
f 4569 4639 4640
f 4569 4640 4641
f 4569 4641 4571
f 4642 4528 4643
f 4643 4528 4530
f 4643 4530 4644
f 4644 4530 4532
f 4644 4532 4533
f 4644 4533 4645
f 4645 4533 4535
f 4645 4535 4646
f 4646 4535 4537
f 4646 4537 4647
f 4647 4537 4538
f 4647 4538 4648
f 4648 4538 4540
f 4648 4540 4649
f 4649 4540 4514
f 4649 4514 4650
f 4650 4514 4513
f 4650 4513 4516
f 4650 4516 4651
f 4651 4516 4652
f 4652 4516 4543
f 4652 4543 4653
f 4653 4543 4544
f 4653 4544 4546
f 4653 4546 4654
f 4654 4546 4655
f 4655 4546 4547
f 4655 4547 4656
f 4656 4547 4549
f 4656 4549 4657
f 4657 4549 4517
f 4657 4517 4658
f 4658 4517 4519
f 4658 4519 4659
f 4659 4519 4520
f 4659 4520 4660
f 4660 4520 4522
f 4660 4522 4661
f 4661 4522 4523
f 4661 4523 4662
f 4662 4523 4552
f 4662 4552 4663
f 4663 4552 4554
f 4663 4554 4555
f 4663 4555 4664
f 4664 4555 4557
f 4664 4557 4665
f 4665 4557 4558
f 4665 4558 4666
f 4666 4558 4525
f 4666 4525 4667
f 4667 4525 4524
f 4667 4524 4668
f 4668 4524 4527
f 4668 4527 4669
f 4669 4527 4562
f 4669 4562 4563
f 4669 4563 4670
f 4670 4563 4671
f 4671 4563 4565
f 4671 4565 4672
f 4672 4565 4566
f 4672 4566 4673
f 4673 4566 4568
f 4673 4568 4674
f 4674 4568 4675
f 4675 4568 4570
f 4675 4570 4676
f 4676 4570 4528
f 4676 4528 4642
f 4677 4642 4643
f 4678 4657 4658
f 4678 4658 4660
f 4678 4660 4661
f 4674 4675 4677
f 4677 4675 4642
f 4679 4677 4643
f 4645 4643 4644
f 4646 4647 4680
f 4680 4647 4648
f 4680 4648 4649
f 4649 4650 4651
f 4652 4653 4654
f 4656 4654 4655
f 4657 4678 4681
f 4681 4678 4682
f 4682 4678 4661
f 4682 4661 4662
f 4662 4663 4664
f 4683 4664 4665
f 4665 4666 4668
f 4668 4666 4667
f 4684 4668 4669
f 4684 4669 4671
f 4671 4669 4670
f 4673 4671 4672
f 4685 4674 4677
f 4685 4677 4679
f 4686 4687 4671
f 4671 4687 4688
f 4671 4688 4689
f 4689 4688 4690
f 4690 4691 4689
f 4689 4691 4692
f 4689 4692 4685
f 4685 4692 4693
f 4685 4693 4674
f 4674 4693 4694
f 4674 4694 4695
f 4674 4695 4673
f 4673 4695 4696
f 4696 4697 4673
f 4673 4697 4698
f 4673 4698 4671
f 4684 4671 4699
f 4684 4699 4700
f 4684 4700 4701
f 4702 4703 4683
f 4703 4704 4683
f 4683 4704 4705
f 4683 4705 4699
f 4699 4705 4706
f 4699 4706 4700
f 4684 4701 4707
f 4684 4707 4668
f 4668 4707 4708
f 4668 4708 4709
f 4668 4709 4710
f 4668 4710 4665
f 4665 4710 4711
f 4665 4711 4702
f 4665 4702 4683
f 4683 4662 4664
f 4712 4683 4713
f 4713 4683 4714
f 4715 4716 4717
f 4717 4716 4682
f 4715 4718 4716
f 4716 4718 4719
f 4716 4719 4683
f 4683 4719 4720
f 4683 4720 4714
f 4717 4682 4721
f 4721 4682 4662
f 4721 4662 4722
f 4722 4662 4723
f 4723 4662 4724
f 4724 4662 4712
f 4725 4716 4726
f 4726 4716 4654
f 4726 4654 4727
f 4727 4654 4728
f 4729 4656 4730
f 4730 4656 4657
f 4730 4657 4731
f 4731 4657 4732
f 4725 4733 4716
f 4716 4733 4734
f 4716 4734 4682
f 4682 4734 4732
f 4682 4732 4657
f 4729 4735 4656
f 4656 4735 4736
f 4656 4736 4654
f 4737 4652 4654
f 4738 4739 4680
f 4739 4740 4680
f 4680 4740 4741
f 4680 4741 4737
f 4741 4742 4737
f 4737 4742 4743
f 4737 4743 4652
f 4652 4743 4744
f 4680 4649 4738
f 4738 4649 4745
f 4745 4649 4746
f 4746 4649 4747
f 4747 4649 4651
f 4747 4651 4748
f 4748 4651 4749
f 4749 4651 4652
f 4749 4652 4744
f 4645 4646 4680
f 4645 4750 4751
f 4750 4680 4752
f 4752 4680 4753
f 4754 4755 4689
f 4689 4755 4756
f 4689 4756 4680
f 4680 4756 4757
f 4680 4757 4753
f 4645 4751 4758
f 4645 4758 4759
f 4645 4759 4643
f 4754 4689 4760
f 4760 4689 4685
f 4760 4685 4761
f 4759 4761 4643
f 4643 4761 4685
f 4762 4763 4737
f 4737 4763 4764
f 4737 4764 4680
f 4680 4764 4765
f 4680 4765 4766
f 4654 4767 4737
f 4737 4767 4768
f 4737 4768 4762
f 4683 4769 4716
f 4654 4716 4770
f 4654 4770 4767
f 4771 4772 4683
f 4683 4772 4773
f 4683 4773 4774
f 4683 4774 4769
f 4771 4683 4775
f 4775 4683 4699
f 4775 4699 4776
f 4766 4777 4680
f 4680 4777 4778
f 4680 4778 4689
f 4689 4779 4671
f 4671 4779 4780
f 4671 4780 4699
f 4699 4780 4781
f 4699 4781 4776
f 4712 4662 4683
f 4671 4698 4686
f 4750 4645 4680
f 4654 4736 4728
f 4782 4783 4784
f 4782 4784 4785
f 4785 4784 4786
f 4785 4786 4787
f 4787 4786 4788
f 4787 4788 4789
f 4789 4788 4790
f 4789 4790 4791
f 4791 4790 4792
f 4791 4792 4793
f 4793 4792 4794
f 4793 4794 4795
f 4795 4794 4796
f 4795 4796 4797
f 4797 4796 4798
f 4798 4796 4799
f 4798 4799 4800
f 4798 4800 4801
f 4801 4800 4802
f 4801 4802 4803
f 4803 4802 4804
f 4803 4804 4805
f 4805 4804 4806
f 4805 4806 4807
f 4807 4806 4808
f 4807 4808 4809
f 4809 4808 4782
f 4782 4808 4783
f 4810 4811 4812
f 4810 4812 4813
f 4813 4812 4814
f 4813 4814 4815
f 4815 4814 4816
f 4815 4816 4817
f 4817 4816 4818
f 4817 4818 4819
f 4819 4818 4820
f 4819 4820 4821
f 4821 4820 4822
f 4821 4822 4823
f 4823 4822 4824
f 4823 4824 4825
f 4825 4824 4826
f 4825 4826 4827
f 4827 4826 4828
f 4828 4826 4829
f 4828 4829 4830
f 4830 4829 4831
f 4830 4831 4832
f 4832 4831 4833
f 4832 4833 4834
f 4834 4833 4835
f 4834 4835 4836
f 4836 4835 4837
f 4836 4837 4838
f 4838 4837 4839
f 4838 4839 4840
f 4840 4839 4841
f 4840 4841 4842
f 4842 4841 4843
f 4842 4843 4844
f 4844 4843 4845
f 4844 4845 4846
f 4846 4845 4811
f 4846 4811 4810
f 4785 4812 4782
f 4782 4812 4811
f 4782 4811 4847
f 4847 4811 4848
f 4847 4848 4809
f 4793 4822 4820
f 4793 4820 4791
f 4787 4814 4785
f 4785 4814 4812
f 4848 4845 4809
f 4809 4845 4807
f 4807 4845 4843
f 4791 4820 4818
f 4791 4818 4789
f 4789 4818 4816
f 4789 4816 4787
f 4787 4816 4814
f 4795 4826 4824
f 4795 4824 4793
f 4793 4824 4822
f 4798 4831 4829
f 4798 4829 4797
f 4797 4829 4849
f 4797 4849 4795
f 4795 4849 4826
f 4805 4837 4803
f 4803 4837 4835
f 4803 4835 4801
f 4807 4843 4841
f 4807 4841 4805
f 4805 4841 4839
f 4805 4839 4837
f 4801 4835 4833
f 4801 4833 4798
f 4798 4833 4831
f 4850 4851 4852
f 4850 4852 4853
f 4854 4855 4852
f 4852 4855 4856
f 4852 4856 4853
f 4857 4858 4852
f 4852 4858 4859
f 4852 4859 4854
f 4860 4861 4852
f 4852 4861 4862
f 4852 4862 4857
f 4863 4864 4852
f 4852 4864 4865
f 4852 4865 4860
f 4866 4867 4852
f 4852 4867 4868
f 4852 4868 4863
f 4869 4870 4852
f 4852 4870 4871
f 4852 4871 4866
f 4872 4873 4852
f 4852 4873 4874
f 4852 4874 4869
f 4875 4876 4852
f 4852 4876 4877
f 4852 4877 4872
f 4878 4879 4852
f 4852 4879 4880
f 4852 4880 4875
f 4881 4882 4852
f 4852 4882 4883
f 4852 4883 4878
f 4884 4885 4852
f 4852 4885 4886
f 4852 4886 4881
f 4851 4887 4852

